{"ITR":{"ITR2":{"CreationInfo":{"SWVersionNo":"R1","SWCreatedBy":"SW10012425","JSONCreatedBy":"SW10012425","JSONCreationDate":"2024-06-09","Digest":"RVyQGjN+52oqGdmks7Q+yFtKlVFN6W3kShqPheiCO0w=","IntermediaryCity":"Delhi"},"Form_ITR2":{"FormName":"ITR-2","Description":"Indls, HUFs not having Inc from profits and gains of business or profession","AssessmentYear":"2024","SchemaVer":"Ver1.0","FormVer":"Ver1.0"},"PartA_GEN1":{"PersonalInfo":{"AssesseeName":{"FirstName":"RAJ","SurNameOrOrgName":"SHAW"},"Address":{"ResidenceNo":"B-313, SLV Sankalpa ","ResidenceName":"Naganathpura, Hosa Road, ","RoadOrStreet":"Electronics City S.O","LocalityOrArea":"Kammasandra","CityOrTownOrDistrict":"BANGALORE","StateCode":"15","CountryCode":"91","PinCode":560100,"CountryCodeMobile":91,"MobileNo":8123435991,"CountryCodeMobileNoSec":91,"MobileNoSec":8618441412,"EmailAddress":"udayraj90@gmail.com","EmailAddressSec":"4bd08is072@gmnail.com"},"PAN":"DOMPS7796E","DOB":"1990-02-02","Status":"I","AadhaarCardNo":"633229354320"},"FilingStatus":{"clauseiv7provisio139iDtls":[{"clauseiv7provisio139iNature":"1","clauseiv7provisio139iAmount":"5,38,869"}],"ReturnFileSec":"11","OptOutNewTaxRegime":"Y","SeventhProvisio139":"Y","DepAmtAggAmtExcd1CrPrYrFlg":"N","IncrExpAggAmt2LkTrvFrgnCntryFlg":"N","IncrExpAggAmt1LkElctrctyPrYrFlg":"N","clauseiv7provisio139i":"Y","ResidentialStatus":"RES","ConditionsResStatus":"1","BenefitUs115HFlg":"N","AsseseeRepFlg":"N","PortugeseCC5A":"N","FiiFpiFlag":"N","CompDirectorPrvYrFlg":"N","HeldUnlistedEqShrPrYrFlg":"N","ItrFilingDueDate":"2024-07-31"}},"ScheduleS":{"Salaries":[{"AddressDetail":{"AddrDetail":"ADD_LINE_1 GODREJ & BOYCE COMPLEX OFF LBS MARG,PHIROJSHAH NAGAR,VIKHROLI WEST","CityOrTownOrDistrict":"MUMBAI","StateCode":"19","PinCode":"400079"},"Salarys":{"NatureOfSalary":{"OthersIncDtls":[{"NatureDesc":"1","OthAmount":"10,26,660"},{"NatureDesc":"4","OthAmount":"2,88,000"},{"NatureDesc":"7","OthAmount":"18,74,625"}]},"NatureOfPerquisites":{"OthersIncDtls":[{"NatureDesc":"10","OthAmount":"29500"}]},"GrossSalary":3218785,"Salary":3189285,"ValueOfPerquisites":29500,"ProfitsinLieuOfSalary":0,"IncomeNotified89A":0,"IncomeNotifiedOther89A":"0","IncomeNotifiedPrYr89A":"0"},"NameOfEmployer":"ACCENTURE SOLUTIONS PRIVATE LIMITED","NatureOfEmployment":"OTH","TANofEmployer":"MUMH07058C"}],"AllwncExemptUs10":{"AllwncExemptUs10Dtls":[{"SalNatureDesc":"10(5)","SalOthAmount":0},{"SalNatureDesc":"10(13A)","SalOthAmount":"288000"}]},"TotalGrossSalary":3218785,"AllwncExtentExemptUs10":288000,"NetSalary":2930785,"DeductionUS16":52400,"DeductionUnderSection16ia":50000,"EntertainmntalwncUs16ii":"0","ProfessionalTaxUs16iii":"2,400","TotIncUnderHeadSalaries":2878385},"ScheduleCGFor23":{"ShortTermCapGainFor23":{"EquityMFonSTT":[{"EquityMFonSTTDtls":{"DeductSec48":{"AquisitCost":"48000","TotalDedn":48000},"FullConsideration":"57830","BalanceCG":9830,"CapgainonAssets":9830},"MFSectionCode":"1A"}],"NRISecur115AD":{"DeductSec48":{"TotalDedn":0},"FullValueConsdSec50CA":0,"FullConsideration":0,"BalanceCG":0,"CapgainonAssets":0},"SaleOnOtherAssets":{"DeductSec48":{"TotalDedn":0},"FullValueConsdSec50CA":0,"FullConsideration":0,"BalanceCG":0,"CapgainonAssets":0},"TotalAmtDeemedStcg":0,"PassThrIncNatureSTCG":0,"TotalAmtNotTaxUsDTAAStcg":0,"TotalAmtTaxUsDTAAStcg":0,"TotalSTCG":9830},"LongTermCapGain23":{"SaleofBondsDebntr":{"DeductSec48":{"TotalDedn":0},"BalanceCG":0,"CapgainonAssets":"0"},"SaleOfEquityShareUs112A":{"BalanceCG":0,"CapgainonAssets":"0"},"NRIProvisoSec48":{"BalanceCG":"0"},"NRISaleOfEquityShareUs112A":{"BalanceCG":0,"CapgainonAssets":"0"},"NRISaleofForeignAsset":{"BalonSpeciAsset":"0","BalOtherthanSpecAsset":"0"},"SaleofAssetNA":{"FullValueConsdSec50CA":0,"FullConsideration":0,"BalanceCG":0,"CapgainonAssets":0},"TotalAmtDeemedLtcg":0,"PassThrIncNatureLTCG":0,"TotalAmtNotTaxUsDTAALtcg":0,"TotalAmtTaxUsDTAALtcg":0,"TotalLTCG":0},"DeducClaimInfo":{"TotDeductClaim":0},"CurrYrLosses":{"InLossSetOff":{"StclSetoff15Per":"0","StclSetoff30Per":"0","StclSetoffAppRate":"0","StclSetoffDTAARate":"0","LtclSetOff10Per":"0","LtclSetOff20Per":"0","LtclSetOffDTAARate":"0"},"InStcg15Per":{"CurrYearIncome":9830,"StclSetoff30Per":0,"StclSetoffAppRate":0,"StclSetoffDTAARate":0,"CurrYrCapGain":9830},"InStcg30Per":{"CurrYearIncome":0,"StclSetoff15Per":0,"StclSetoffAppRate":0,"StclSetoffDTAARate":0,"CurrYrCapGain":0},"InStcgAppRate":{"CurrYearIncome":0,"StclSetoff15Per":0,"StclSetoff30Per":0,"StclSetoffDTAARate":0,"CurrYrCapGain":0},"InStcgDTAARate":{"CurrYearIncome":0,"StclSetoff15Per":0,"StclSetoff30Per":0,"StclSetoffAppRate":0,"CurrYrCapGain":0},"InLtcg10Per":{"CurrYearIncome":0,"StclSetoff15Per":0,"StclSetoff30Per":0,"StclSetoffAppRate":0,"StclSetoffDTAARate":0,"LtclSetOff20Per":0,"LtclSetOffDTAARate":0,"CurrYrCapGain":0},"InLtcg20Per":{"CurrYearIncome":0,"StclSetoff15Per":0,"StclSetoff30Per":0,"StclSetoffAppRate":0,"StclSetoffDTAARate":0,"LtclSetOff10Per":0,"LtclSetOffDTAARate":0,"CurrYrCapGain":0},"InLtcgDTAARate":{"CurrYearIncome":0,"StclSetoff15Per":0,"StclSetoff30Per":0,"StclSetoffAppRate":0,"StclSetoffDTAARate":0,"LtclSetOff10Per":0,"LtclSetOff20Per":0,"CurrYrCapGain":0},"TotLossSetOff":{"StclSetoff15Per":0,"StclSetoff30Per":0,"StclSetoffAppRate":0,"StclSetoffDTAARate":0,"LtclSetOff10Per":0,"LtclSetOff20Per":0,"LtclSetOffDTAARate":0},"LossRemainSetOff":{"StclSetoff15Per":0,"StclSetoff30Per":0,"StclSetoffAppRate":0,"StclSetoffDTAARate":0,"LtclSetOff10Per":0,"LtclSetOff20Per":0,"LtclSetOffDTAARate":0}},"AccruOrRecOfCG":{"ShortTermUnder15Per":{"DateRange":{"Upto15Of6":9830}}},"SumOfCGIncm":9830,"IncmFromVDATrnsf":0,"TotScheduleCGFor23":9830},"Schedule112A":{"SaleValue112A":0,"CostAcqWithoutIndx112A":0,"AcquisitionCost112A":0,"LTCGBeforelowerB1B2112A":0,"FairMktValueCapAst112A":0,"ExpExclCnctTransfer112A":0,"Deductions112A":0,"Balance112A":0},"ScheduleOS":{"IncOthThanOwnRaceHorse":{"TaxAccumulatedBalRecPF":{"TotalIncomeBenefit":0,"TotalTaxBenefit":0},"IncChargblSplRateOS":{"TotalAmtTaxUsDTAASchOs":0},"Deductions":{"Expenses":0,"UsrIntExp57":0,"IntExp57":0,"DeductionUs57iia":0,"Depreciation":0,"TotDeductions":0},"GrossIncChrgblTaxAtAppRate":5453,"DividendGross":0,"InterestGross":5453,"IntrstFrmSavingBank":"4133","IntrstFrmIncmTaxRefund":"1320","Tot562x":0,"IncomeNotified89AOS":0,"AnyOtherIncome":0,"IncChargeableSpecialRates":0,"IncChrgblUs115BBE":0,"OthersGross":0,"PassThrIncOSChrgblSplRate":0,"BalanceNoRaceHorse":5453},"IncFromOwnHorse":{"Receipts":0,"DeductSec57":0,"BalanceOwnRaceHorse":0},"IncFrmLottery":{"DateRange":{"Upto15Of6":0}},"IncFrmOnGames":{"DateRange":{"Upto15Of6":0}},"DividendIncUs115A1ai":{"DateRange":{"Upto15Of6":0}},"DividendIncUs115A1aA":{"DateRange":{"Upto15Of6":0}},"DividendIncUs115AC":{"DateRange":{"Upto15Of6":0}},"DividendIncUs115ACA":{"DateRange":{"Upto15Of6":0}},"DividendIncUs115AD1i":{"DateRange":{"Upto15Of6":0}},"DividendDTAA":{"DateRange":{"Upto15Of6":0}},"TotOthSrcNoRaceHorse":5453,"IncChargeable":5453},"ScheduleCYLA":{"Salary":{"IncCYLA":{"IncOfCurYrUnderThatHead":2878385,"HPlossCurYrSetoff":0,"OthSrcLossNoRaceHorseSetoff":0,"IncOfCurYrAfterSetOff":2878385}},"HP":{"IncCYLA":{"IncOfCurYrUnderThatHead":0,"OthSrcLossNoRaceHorseSetoff":0,"IncOfCurYrAfterSetOff":0}},"STCG15Per":{"IncCYLA":{"IncOfCurYrUnderThatHead":9830,"HPlossCurYrSetoff":0,"OthSrcLossNoRaceHorseSetoff":0,"IncOfCurYrAfterSetOff":9830}},"STCG30Per":{"IncCYLA":{"IncOfCurYrUnderThatHead":0,"HPlossCurYrSetoff":0,"OthSrcLossNoRaceHorseSetoff":0,"IncOfCurYrAfterSetOff":0}},"STCGAppRate":{"IncCYLA":{"IncOfCurYrUnderThatHead":0,"HPlossCurYrSetoff":0,"OthSrcLossNoRaceHorseSetoff":0,"IncOfCurYrAfterSetOff":0}},"STCGDTAARate":{"IncCYLA":{"IncOfCurYrUnderThatHead":0,"HPlossCurYrSetoff":0,"OthSrcLossNoRaceHorseSetoff":0,"IncOfCurYrAfterSetOff":0}},"LTCG10Per":{"IncCYLA":{"IncOfCurYrUnderThatHead":0,"HPlossCurYrSetoff":0,"OthSrcLossNoRaceHorseSetoff":0,"IncOfCurYrAfterSetOff":0}},"LTCG20Per":{"IncCYLA":{"IncOfCurYrUnderThatHead":0,"HPlossCurYrSetoff":0,"OthSrcLossNoRaceHorseSetoff":0,"IncOfCurYrAfterSetOff":0}},"LTCGDTAARate":{"IncCYLA":{"IncOfCurYrUnderThatHead":0,"HPlossCurYrSetoff":0,"OthSrcLossNoRaceHorseSetoff":0,"IncOfCurYrAfterSetOff":0}},"OthSrcExclRaceHorse":{"IncCYLA":{"IncOfCurYrUnderThatHead":5453,"HPlossCurYrSetoff":0,"IncOfCurYrAfterSetOff":5453}},"OthSrcRaceHorse":{"IncCYLA":{"IncOfCurYrUnderThatHead":"0","HPlossCurYrSetoff":0,"OthSrcLossNoRaceHorseSetoff":0,"IncOfCurYrAfterSetOff":0}},"TotalCurYr":{"TotHPlossCurYr":"0","TotOthSrcLossNoRaceHorse":"0"},"TotalLossSetOff":{"TotHPlossCurYrSetoff":0,"TotOthSrcLossNoRaceHorseSetoff":0},"LossRemAftSetOff":{"BalHPlossCurYrAftSetoff":0,"BalOthSrcLossNoRaceHorseAftSetoff":0},"CYLAEditFlag":"N"},"ScheduleBFLA":{"Salary":{"IncBFLA":{"IncOfCurYrUndHeadFromCYLA":2878385,"IncOfCurYrAfterSetOffBFLosses":2878385}},"HP":{"IncBFLA":{"IncOfCurYrUndHeadFromCYLA":0,"BFlossPrevYrUndSameHeadSetoff":0,"IncOfCurYrAfterSetOffBFLosses":0}},"STCG15Per":{"IncBFLA":{"IncOfCurYrUndHeadFromCYLA":9830,"BFlossPrevYrUndSameHeadSetoff":0,"IncOfCurYrAfterSetOffBFLosses":9830}},"STCG30Per":{"IncBFLA":{"IncOfCurYrUndHeadFromCYLA":0,"BFlossPrevYrUndSameHeadSetoff":0,"IncOfCurYrAfterSetOffBFLosses":0}},"STCGAppRate":{"IncBFLA":{"IncOfCurYrUndHeadFromCYLA":0,"BFlossPrevYrUndSameHeadSetoff":0,"IncOfCurYrAfterSetOffBFLosses":0}},"STCGDTAARate":{"IncBFLA":{"IncOfCurYrUndHeadFromCYLA":0,"BFlossPrevYrUndSameHeadSetoff":0,"IncOfCurYrAfterSetOffBFLosses":0}},"LTCG10Per":{"IncBFLA":{"IncOfCurYrUndHeadFromCYLA":0,"BFlossPrevYrUndSameHeadSetoff":0,"IncOfCurYrAfterSetOffBFLosses":0}},"LTCG20Per":{"IncBFLA":{"IncOfCurYrUndHeadFromCYLA":0,"BFlossPrevYrUndSameHeadSetoff":0,"IncOfCurYrAfterSetOffBFLosses":0}},"LTCGDTAARate":{"IncBFLA":{"IncOfCurYrUndHeadFromCYLA":0,"BFlossPrevYrUndSameHeadSetoff":0,"IncOfCurYrAfterSetOffBFLosses":0}},"OthSrcExclRaceHorse":{"IncBFLA":{"IncOfCurYrUndHeadFromCYLA":5453,"IncOfCurYrAfterSetOffBFLosses":5453}},"OthSrcRaceHorse":{"IncBFLA":{"IncOfCurYrUndHeadFromCYLA":0,"BFlossPrevYrUndSameHeadSetoff":0,"IncOfCurYrAfterSetOffBFLosses":0}},"TotalBFLossSetOff":{"TotBFLossSetoff":0},"BFLAEditFlag":"Y","IncomeOfCurrYrAftCYLABFLA":2893668},"ScheduleCFL":{"TotalOfBFLossesEarlierYrs":{"LossSummaryDetail":{"TotalHPPTILossCF":0,"TotalSTCGPTILossCF":0,"TotalLTCGPTILossCF":0,"OthSrcLossRaceHorseCF":0}},"AdjTotBFLossInBFLA":{"LossSummaryDetail":{"TotalHPPTILossCF":0,"TotalSTCGPTILossCF":"0","TotalLTCGPTILossCF":"0","OthSrcLossRaceHorseCF":0}},"CurrentAYloss":{"LossSummaryDetail":{"TotalHPPTILossCF":0,"TotalSTCGPTILossCF":0,"TotalLTCGPTILossCF":0,"OthSrcLossRaceHorseCF":"0"}},"TotalLossCFSummary":{"LossSummaryDetail":{"TotalHPPTILossCF":0,"TotalSTCGPTILossCF":0,"TotalLTCGPTILossCF":0,"OthSrcLossRaceHorseCF":0}}},"ScheduleVIA":{"UsrDeductUndChapVIA":{"Section80C":150000,"Section80CCC":0,"Section80CCDEmployeeOrSE":0,"Section80CCD1B":0,"Section80CCDEmployer":0,"Section80D":49630,"Section80DD":0,"Section80E":0,"Section80EE":200000,"Section80EEA":0,"Section80G":0,"Section80GGA":0,"Section80GGC":0,"Section80U":0,"Section80TTB":0,"AnyOthSec80CCH":0,"TotalChapVIADeductions":399630},"DeductUndChapVIA":{"Section80C":150000,"Section80CCC":0,"Section80CCDEmployeeOrSE":0,"Section80CCD1B":0,"Section80CCDEmployer":0,"Section80D":25000,"Section80DD":"0","Section80DDB":"0","Section80E":0,"Section80EE":50000,"Section80EEA":"0","Section80EEB":0,"Section80G":0,"Section80GG":0,"Section80GGA":0,"Section80GGC":0,"Section80U":"0","Section80RRB":0,"Section80QQB":0,"Section80TTA":0,"Section80TTB":0,"AnyOthSec80CCH":0,"TotalChapVIADeductions":225000}},"Schedule80D":{"Sec80DSelfFamSrCtznHealth":{"SeniorCitizenFlag":"N","SelfAndFamily":25000,"HealthInsPremSlfFam":"44630","PrevHlthChckUpSlfFam":"5000","SelfAndFamilySeniorCitizen":0,"ParentsSeniorCitizenFlag":"P","Parents":0,"ParentsSeniorCitizen":0,"EligibleAmountOfDedn":25000}},"ScheduleAMT":{"TotalIncItemPartBTI":2668670,"DeductionClaimUndrAnySec":0,"AdjustedUnderSec115JC":2668670,"TaxPayableUnderSec115JC":"0"},"ScheduleAMTC":{"ScheduleAMTCDtls":[{"AssYr":"2013-14","Gross":0,"AmtCreditSetOfEy":0,"AmtCreditBalBroughtFwd":0,"AmtCreditUtilized":0,"BalAmtCreditCarryFwd":0},{"AssYr":"2014-15","Gross":0,"AmtCreditSetOfEy":0,"AmtCreditBalBroughtFwd":0,"BalAmtCreditCarryFwd":0},{"AssYr":"2015-16","Gross":0,"AmtCreditSetOfEy":0,"AmtCreditBalBroughtFwd":0,"BalAmtCreditCarryFwd":0},{"AssYr":"2016-17","Gross":0,"AmtCreditSetOfEy":0,"AmtCreditBalBroughtFwd":0,"BalAmtCreditCarryFwd":0},{"AssYr":"2017-18","Gross":0,"AmtCreditSetOfEy":0,"AmtCreditBalBroughtFwd":0,"BalAmtCreditCarryFwd":0},{"AssYr":"2018-19","Gross":0,"AmtCreditSetOfEy":0,"AmtCreditBalBroughtFwd":0,"BalAmtCreditCarryFwd":0},{"AssYr":"2019-20","Gross":0,"AmtCreditSetOfEy":0,"AmtCreditBalBroughtFwd":0,"BalAmtCreditCarryFwd":0},{"AssYr":"2020-21","Gross":0,"AmtCreditSetOfEy":0,"AmtCreditBalBroughtFwd":0,"BalAmtCreditCarryFwd":0},{"AssYr":"2021-22","Gross":0,"AmtCreditSetOfEy":0,"AmtCreditBalBroughtFwd":0,"BalAmtCreditCarryFwd":0},{"AssYr":"2022-23","Gross":0,"AmtCreditSetOfEy":0,"AmtCreditBalBroughtFwd":0,"BalAmtCreditCarryFwd":0},{"AssYr":"2023-24","Gross":0,"AmtCreditSetOfEy":0,"AmtCreditBalBroughtFwd":0,"BalAmtCreditCarryFwd":0}],"TaxSection115JC":0,"TaxOthProvisions":636092,"AmtTaxCreditAvailable":636092,"CurrAssYr":"2024-25","CurrYrAmtCreditFwd":"0","CurrYrCreditCarryFwd":0,"TotAMTGross":0,"TotSetOffEys":0,"TotBalBF":0,"TotAmtCreditUtilisedCY":0,"TotBalAMTCreditCF":0,"TaxSection115JD":0,"AmtLiabilityAvailable":0},"ScheduleSI":{"SplCodeRateTax":[{"SecCode":"1","SplRatePercent":"1","SplRateInc":0,"SplRateIncTax":0},{"SecCode":"1A","SplRatePercent":"15","SplRateInc":9830,"SplRateIncTax":1475},{"SecCode":"21","SplRatePercent":"20","SplRateInc":"0","SplRateIncTax":0},{"SecCode":"22","SplRatePercent":"10","SplRateInc":"0","SplRateIncTax":0},{"SecCode":"2A","SplRatePercent":"10","SplRateInc":"0","SplRateIncTax":"0"},{"SecCode":"21ciii","SplRatePercent":"10","SplRateInc":"0","SplRateIncTax":0},{"SecCode":"5BB","SplRatePercent":"30","SplRateInc":0,"SplRateIncTax":0},{"SecCode":"5BBJ","SplRatePercent":"30","SplRateInc":0,"SplRateIncTax":0},{"SecCode":"5ADii","SplRatePercent":"30","SplRateInc":"0","SplRateIncTax":0},{"SecCode":"5AD1biip","SplRatePercent":"15","SplRateInc":"0","SplRateIncTax":0},{"SecCode":"5A1ai","SplRatePercent":"20","SplRateInc":0,"SplRateIncTax":0},{"SecCode":"5A1aA","SplRatePercent":"10","SplRateInc":0,"SplRateIncTax":0},{"SecCode":"5A1aii","SplRatePercent":"20","SplRateInc":0,"SplRateIncTax":0},{"SecCode":"5A1aiia","SplRatePercent":"5","SplRateInc":0,"SplRateIncTax":0},{"SecCode":"5A1aiiaa","SplRatePercent":"5","SplRateInc":0,"SplRateIncTax":0},{"SecCode":"5A1aiiaaP","SplRatePercent":"4","SplRateInc":0,"SplRateIncTax":0},{"SecCode":"5A1aiiab","SplRatePercent":"5","SplRateInc":0,"SplRateIncTax":0},{"SecCode":"5A1aiiac","SplRatePercent":"5","SplRateInc":0,"SplRateIncTax":0},{"SecCode":"5A1aiii","SplRatePercent":"20","SplRateInc":0,"SplRateIncTax":0},{"SecCode":"5A1bA","SplRatePercent":"10","SplRateInc":0,"SplRateIncTax":0},{"SecCode":"5AC1ab","SplRatePercent":"10","SplRateInc":0,"SplRateIncTax":0},{"SecCode":"5AC1abD","SplRatePercent":"10","SplRateInc":0,"SplRateIncTax":0},{"SecCode":"5AC1c","SplRatePercent":"10","SplRateInc":"0","SplRateIncTax":0},{"SecCode":"5ACA1a","SplRatePercent":"10","SplRateInc":0,"SplRateIncTax":0},{"SecCode":"5ACA1b","SplRatePercent":"10","SplRateInc":"0","SplRateIncTax":0},{"SecCode":"5AD1i","SplRatePercent":"20","SplRateInc":0,"SplRateIncTax":0},{"SecCode":"5AD1iP","SplRatePercent":"5","SplRateInc":0,"SplRateIncTax":0},{"SecCode":"5ADiii","SplRatePercent":"10","SplRateInc":"0","SplRateIncTax":0},{"SecCode":"5ADiiiP","SplRatePercent":"10","SplRateInc":"0","SplRateIncTax":0},{"SecCode":"5BBA","SplRatePercent":"20","SplRateInc":0,"SplRateIncTax":0},{"SecCode":"5BBC","SplRatePercent":"30","SplRateInc":0,"SplRateIncTax":0},{"SecCode":"5BBE","SplRatePercent":"60","SplRateInc":0,"SplRateIncTax":0},{"SecCode":"5BBF","SplRatePercent":"10","SplRateInc":0,"SplRateIncTax":0},{"SecCode":"5BBG","SplRatePercent":"10","SplRateInc":0,"SplRateIncTax":0},{"SecCode":"5Ea","SplRatePercent":"20","SplRateInc":0,"SplRateIncTax":0},{"SecCode":"5Eacg","SplRatePercent":"20","SplRateInc":"0","SplRateIncTax":0},{"SecCode":"5Eb","SplRatePercent":"10","SplRateInc":"0","SplRateIncTax":0},{"SecCode":"DTAASTCG","SplRatePercent":"1","SplRateInc":0},{"SecCode":"DTAALTCG","SplRatePercent":"1","SplRateInc":0},{"SecCode":"DTAAOS","SplRatePercent":"1","SplRateInc":0},{"SecCode":"PTI_STCG15P","SplRatePercent":"15","SplRateInc":"0","SplRateIncTax":0},{"SecCode":"PTI_STCG30P","SplRatePercent":"30","SplRateInc":"0","SplRateIncTax":0},{"SecCode":"PTI_LTCG10P","SplRatePercent":"10","SplRateInc":"0","SplRateIncTax":0},{"SecCode":"PTI_LTCG10P112A","SplRatePercent":"10","SplRateInc":"0","SplRateIncTax":0},{"SecCode":"PTI_LTCG20P","SplRatePercent":"20","SplRateInc":"0","SplRateIncTax":0},{"SecCode":"PTI_5A1ai","SplRatePercent":"20","SplRateInc":0,"SplRateIncTax":0},{"SecCode":"PTI_5A1aA","SplRatePercent":"10","SplRateInc":0,"SplRateIncTax":0},{"SecCode":"PTI_5A1aii","SplRatePercent":"20","SplRateInc":0,"SplRateIncTax":0},{"SecCode":"PTI_5A1aiia","SplRatePercent":"5","SplRateInc":0,"SplRateIncTax":0},{"SecCode":"PTI_5A1aiiaa","SplRatePercent":"5","SplRateInc":0,"SplRateIncTax":0},{"SecCode":"PTI_5A1aiiaaP","SplRatePercent":"4","SplRateInc":0,"SplRateIncTax":0},{"SecCode":"PTI_5A1aiiab","SplRatePercent":"5","SplRateInc":0,"SplRateIncTax":0},{"SecCode":"PTI_5A1aiiac","SplRatePercent":"5","SplRateInc":0,"SplRateIncTax":0},{"SecCode":"PTI_5A1aiii","SplRatePercent":"20","SplRateInc":0,"SplRateIncTax":0},{"SecCode":"PTI_5A1bA","SplRatePercent":"10","SplRateInc":0,"SplRateIncTax":0},{"SecCode":"PTI_5AC1ab","SplRatePercent":"10","SplRateInc":0,"SplRateIncTax":0},{"SecCode":"PTI_5AC1abD","SplRatePercent":"10","SplRateInc":0,"SplRateIncTax":0},{"SecCode":"PTI_5ACA1a","SplRatePercent":"10","SplRateInc":0,"SplRateIncTax":0},{"SecCode":"PTI_5AD1iDiv","SplRatePercent":"20","SplRateInc":0,"SplRateIncTax":0},{"SecCode":"5AD1iDiv","SplRatePercent":"20","SplRateInc":0,"SplRateIncTax":0},{"SecCode":"PTI_5AD1i","SplRatePercent":"20","SplRateInc":0,"SplRateIncTax":0},{"SecCode":"PTI_5AD1iP","SplRatePercent":"5","SplRateInc":0,"SplRateIncTax":0},{"SecCode":"PTI_5BBA","SplRatePercent":"20","SplRateInc":0,"SplRateIncTax":0},{"SecCode":"PTI_5BBF","SplRatePercent":"10","SplRateInc":0,"SplRateIncTax":0},{"SecCode":"PTI_5BBG","SplRatePercent":"10","SplRateInc":0,"SplRateIncTax":0},{"SecCode":"PTI_5Ea","SplRatePercent":"20","SplRateInc":0,"SplRateIncTax":0},{"SecCode":"5BBH","SplRatePercent":"30","SplRateInc":0,"SplRateIncTax":0}],"TotSplRateInc":9830,"TotSplRateIncTax":1475},"PartB-TI":{"CapGain":{"ShortTerm":{"ShortTerm15Per":9830,"ShortTerm30Per":0,"ShortTermAppRate":0,"ShortTermSplRateDTAA":0,"TotalShortTerm":9830},"LongTerm":{"LongTerm10Per":0,"LongTerm20Per":0,"LongTermSplRateDTAA":0,"TotalLongTerm":0},"ShortTermLongTermTotal":9830,"CapGains30Per115BBH":0,"TotalCapGains":9830},"IncFromOS":{"OtherSrcThanOwnRaceHorse":5453,"IncChargblSplRate":0,"FromOwnRaceHorse":0,"TotIncFromOS":5453},"Salaries":2878385,"IncomeFromHP":0,"TotalTI":2893668,"CurrentYearLoss":0,"BalanceAfterSetoffLosses":2893668,"BroughtFwdLossesSetoff":0,"GrossTotalIncome":2893668,"IncChargeTaxSplRate111A112":9830,"DeductionsUnderScheduleVIA":225000,"TotalIncome":2668670,"IncChargeableTaxSplRates":9830,"NetAgricultureIncomeOrOtherIncomeForRate":"0","AggregateIncome":2658840,"LossesOfCurrentYearCarriedFwd":0,"DeemedIncomeUs115JC":2668670},"PartB_TTI":{"ComputationOfTaxLiability":{"TaxPayableOnTI":{"TaxAtNormalRatesOnAggrInc":610152,"TaxAtSpecialRates":1475,"RebateOnAgriInc":"0","TaxPayableOnTotInc":611627},"GrossTaxPay":{"TaxInc17":636092,"TaxDeferred17":0,"TaxDeferredPayableCY":0},"TaxRelief":{"Section90":0,"Section91":0,"TotTaxRelief":0},"IntrstPay":{"IntrstPayUs234A":0,"IntrstPayUs234B":"0","IntrstPayUs234C":"0","LateFilingFee234F":0,"TotalIntrstPay":0},"Rebate87A":0,"TaxPayableOnRebate":611627,"Surcharge25ofSI":0,"SurchargeOnAboveCrore":0,"Surcharge25ofSIBeforeMarginal":0,"SurchargeOnAboveCroreBeforeMarginal":0,"TotalSurcharge":0,"EducationCess":24465,"GrossTaxLiability":636092,"GrossTaxPayable":636092,"CreditUS115JD":0,"TaxPayAfterCreditUs115JD":636092,"NetTaxLiability":636092,"AggregateTaxInterestLiability":636092},"TaxPaid":{"TaxesPaid":{"AdvanceTax":0,"TDS":707563,"TCS":0,"SelfAssessmentTax":0,"TotalTaxesPaid":707563},"BalTaxPayable":"0"},"Refund":{"BankAccountDtls":{"AddtnlBankDetails":[{"IFSCCode":"UTIB0002629","BankName":"AXIS BANK","BankAccountNo":"914010057501809","AccountType":"SB"},{"IFSCCode":"CITI0000004","BankName":"CITIBANK NA","BankAccountNo":"5274542812","AccountType":"SB"},{"IFSCCode":"SBIN0001864","BankName":"STATE BANK OF INDIA","BankAccountNo":"20101257409","AccountType":"SB"},{"IFSCCode":"IBKL0000202","BankName":"IDBI BANK LTD","BankAccountNo":"0202104000501750","AccountType":"SB"}],"BankDtlsFlag":"Y"},"RefundDue":71470},"TaxPayDeemedTotIncUs115JC":0,"Surcharge":0,"HealthEduCess":0,"TotalTaxPayablDeemedTotInc":0,"AssetOutIndiaFlag":"NO"},"ScheduleIT":{"TotalTaxPayments":0},"ScheduleTDS1":{"TDSonSalary":[{"EmployerOrDeductorOrCollectDetl":{"TAN":"MUMH07058C","EmployerOrDeductorOrCollecterName":"ACCENTURE SOLUTIONS PRIVATE LIMITED"},"IncChrgSal":"32,18,785","TotalTDSSal":"7,07,563"}],"TotalTDSonSalaries":707563},"ScheduleTDS2":{"TotalTDSonOthThanSals":0},"ScheduleTDS3":{"TotalTDS3OnOthThanSal":0},"ScheduleTCS":{"TotalSchTCS":0},"Verification":{"Declaration":{"AssesseeVerName":"RAJ SHAW","FatherName":"RANJEET SHAW","AssesseeVerPAN":"DOMPS7796E"},"Capacity":"S","Date":"2024-06-09","Place":"Bangalore"}}}}