Accountno:,'0000000013337870'
Customer Name:,MR RAJ SHAW
Address:,MINDTREE LIMITED GLOBAL VILLAGE TECH PARK P-3 BUILDING RVCE MYSORE ROAD  BEHIND RV ENGINEERING BANGALORE KAR 560059


Transaction Details:
Date,Sr.No.,Transaction Details,Reward Point Header,Intl.Amount,Amount(in Rs),BillingAmountSign
4375XXXXXXXX4008
08-APR-21,1,IGST-CI@18%,0,0.00,90.00,90.00
08-APR-21,2,Annual Fee-3rd Year,0,0.00,500.00,500.00
11-APR-21,3,UPI Payment Received,0,0.00,-7,979.00,-7,979.00
12-APR-21,4,NEFT PAYMENT RECEIVED,0,0.00,-5.00,-5.00
15-JUL-21,5,MSW*RAMCHANDRA PRASAD Hazaribag IN,61,0.00,3,040.00,3,040.00
06-AUG-21,6,NEW GANGOUR SWEETS E SINGHBHUM IN,7,0.00,363.00,363.00
10-AUG-21,7,BERRY THAI SPA BANGALORE IN,60,0.00,3,000.00,3,000.00
21-AUG-21,8,UPI Payment Received,0,0.00,-3,398.00,-3,398.00
04-SEP-21,9,REL RETAIL LTD - DIGIT BANGALORE IN,40,0.00,1,998.30,1,998.30
05-SEP-21,10,TRAVEL FOOD SERVICE BANGALORE IN,0,0.00,2.00,2.00
07-SEP-21,11,AMAZON HTTP://WWW.AM IN,57,0.00,2,849.00,2,849.00
12-SEP-21,12,MSW*SHREE RADHA BALLABH Ranchi IN,0,0.00,2,020.00,2,020.00
16-SEP-21,13,UPI Payment Received,0,0.00,-7,849.30,-7,849.30
04-OCT-21,14,MAKEMYTRIP INDIA PVT L NEW DELHI IN,121,0.00,6,035.00,6,035.00
14-OCT-21,15,UPI Payment Received,0,0.00,-8,055.00,-8,055.00
19-OCT-21,16,KESHAVJI CHHAGANLAL JEWEL JAMSHEDPUR IN,900,0.00,45,000.00,45,000.00
03-NOV-21,17,RAZ*CRED Bengaluru IN,0,0.00,2.00,2.00
03-NOV-21,18,UPI Payment Received,0,0.00,-2.00,-2.00
04-NOV-21,19,UPI Payment Received,0,0.00,-50.00,-50.00
12-NOV-21,20,UPI Payment Received,0,0.00,-44,950.00,-44,950.00
26-DEC-21,21,APPLE.COM/BILL 0008001009009 IE,6,0.00,299.00,299.00
08-JAN-22,22,UPI Payment Received,0,0.00,-299.00,-299.00
22-JAN-22,23,JAMSHEDPUR HARDWARE & JAMSHEDPUR IN,520,0.00,26,000.00,26,000.00
26-JAN-22,24,JAMSHEDPUR HARDWARE & JAMSHEDPUR IN,148,0.00,7,383.00,7,383.00
05-FEB-22,25,LKST675 JAMSHEDPUR IN,121,0.00,6,055.00,6,055.00
05-FEB-22,26,WWW.PG.IRCTC.CO.I(DCC) WWW.PG.IRCTC. IN,173,0.00,8,661.04,8,661.04
12-FEB-22,27,UPI Payment Received,0,0.00,-48,099.04,-48,099.04
20-MAR-22,28,BLR Domestic Lounge BENGALURU IN,0,0.00,2.00,2.00
21-MAR-22,29,WOW MOMO Kolkata KOL11711 KOLKATA IN,7,0.00,373.00,373.00
22-MAR-22,30,APPLE.COM/BILL 0008001009009 IE,6,0.00,299.00,299.00
4375XXXXXXXX4008
08-APR-21,1,IGST-CI@18%,0,0.00,90.00,90.00
08-APR-21,2,Annual Fee-3rd Year,0,0.00,500.00,500.00
11-APR-21,3,UPI Payment Received,0,0.00,-7,979.00,-7,979.00
12-APR-21,4,NEFT PAYMENT RECEIVED,0,0.00,-5.00,-5.00
15-JUL-21,5,MSW*RAMCHANDRA PRASAD Hazaribag IN,61,0.00,3,040.00,3,040.00
06-AUG-21,6,NEW GANGOUR SWEETS E SINGHBHUM IN,7,0.00,363.00,363.00
10-AUG-21,7,BERRY THAI SPA BANGALORE IN,60,0.00,3,000.00,3,000.00
21-AUG-21,8,UPI Payment Received,0,0.00,-3,398.00,-3,398.00
04-SEP-21,9,REL RETAIL LTD - DIGIT BANGALORE IN,40,0.00,1,998.30,1,998.30
05-SEP-21,10,TRAVEL FOOD SERVICE BANGALORE IN,0,0.00,2.00,2.00
07-SEP-21,11,AMAZON HTTP://WWW.AM IN,57,0.00,2,849.00,2,849.00
12-SEP-21,12,MSW*SHREE RADHA BALLABH Ranchi IN,0,0.00,2,020.00,2,020.00
16-SEP-21,13,UPI Payment Received,0,0.00,-7,849.30,-7,849.30
04-OCT-21,14,MAKEMYTRIP INDIA PVT L NEW DELHI IN,121,0.00,6,035.00,6,035.00
14-OCT-21,15,UPI Payment Received,0,0.00,-8,055.00,-8,055.00
19-OCT-21,16,KESHAVJI CHHAGANLAL JEWEL JAMSHEDPUR IN,900,0.00,45,000.00,45,000.00
03-NOV-21,17,RAZ*CRED Bengaluru IN,0,0.00,2.00,2.00
03-NOV-21,18,UPI Payment Received,0,0.00,-2.00,-2.00
04-NOV-21,19,UPI Payment Received,0,0.00,-50.00,-50.00
12-NOV-21,20,UPI Payment Received,0,0.00,-44,950.00,-44,950.00
26-DEC-21,21,APPLE.COM/BILL 0008001009009 IE,6,0.00,299.00,299.00
08-JAN-22,22,UPI Payment Received,0,0.00,-299.00,-299.00
22-JAN-22,23,JAMSHEDPUR HARDWARE & JAMSHEDPUR IN,520,0.00,26,000.00,26,000.00
26-JAN-22,24,JAMSHEDPUR HARDWARE & JAMSHEDPUR IN,148,0.00,7,383.00,7,383.00
05-FEB-22,25,LKST675 JAMSHEDPUR IN,121,0.00,6,055.00,6,055.00
05-FEB-22,26,WWW.PG.IRCTC.CO.I(DCC) WWW.PG.IRCTC. IN,173,0.00,8,661.04,8,661.04
12-FEB-22,27,UPI Payment Received,0,0.00,-48,099.04,-48,099.04
20-MAR-22,28,BLR Domestic Lounge BENGALURU IN,0,0.00,2.00,2.00
21-MAR-22,29,WOW MOMO Kolkata KOL11711 KOLKATA IN,7,0.00,373.00,373.00
22-MAR-22,30,APPLE.COM/BILL 0008001009009 IE,6,0.00,299.00,299.00
4375XXXXXXXX4008
08-APR-21,1,IGST-CI@18%,0,0.00,90.00,90.00
08-APR-21,2,Annual Fee-3rd Year,0,0.00,500.00,500.00
11-APR-21,3,UPI Payment Received,0,0.00,-7,979.00,-7,979.00
12-APR-21,4,NEFT PAYMENT RECEIVED,0,0.00,-5.00,-5.00
15-JUL-21,5,MSW*RAMCHANDRA PRASAD Hazaribag IN,61,0.00,3,040.00,3,040.00
06-AUG-21,6,NEW GANGOUR SWEETS E SINGHBHUM IN,7,0.00,363.00,363.00
10-AUG-21,7,BERRY THAI SPA BANGALORE IN,60,0.00,3,000.00,3,000.00
21-AUG-21,8,UPI Payment Received,0,0.00,-3,398.00,-3,398.00
04-SEP-21,9,REL RETAIL LTD - DIGIT BANGALORE IN,40,0.00,1,998.30,1,998.30
05-SEP-21,10,TRAVEL FOOD SERVICE BANGALORE IN,0,0.00,2.00,2.00
07-SEP-21,11,AMAZON HTTP://WWW.AM IN,57,0.00,2,849.00,2,849.00
12-SEP-21,12,MSW*SHREE RADHA BALLABH Ranchi IN,0,0.00,2,020.00,2,020.00
16-SEP-21,13,UPI Payment Received,0,0.00,-7,849.30,-7,849.30
04-OCT-21,14,MAKEMYTRIP INDIA PVT L NEW DELHI IN,121,0.00,6,035.00,6,035.00
14-OCT-21,15,UPI Payment Received,0,0.00,-8,055.00,-8,055.00
19-OCT-21,16,KESHAVJI CHHAGANLAL JEWEL JAMSHEDPUR IN,900,0.00,45,000.00,45,000.00
03-NOV-21,17,RAZ*CRED Bengaluru IN,0,0.00,2.00,2.00
03-NOV-21,18,UPI Payment Received,0,0.00,-2.00,-2.00
04-NOV-21,19,UPI Payment Received,0,0.00,-50.00,-50.00
12-NOV-21,20,UPI Payment Received,0,0.00,-44,950.00,-44,950.00
26-DEC-21,21,APPLE.COM/BILL 0008001009009 IE,6,0.00,299.00,299.00
08-JAN-22,22,UPI Payment Received,0,0.00,-299.00,-299.00
22-JAN-22,23,JAMSHEDPUR HARDWARE & JAMSHEDPUR IN,520,0.00,26,000.00,26,000.00
26-JAN-22,24,JAMSHEDPUR HARDWARE & JAMSHEDPUR IN,148,0.00,7,383.00,7,383.00
05-FEB-22,25,LKST675 JAMSHEDPUR IN,121,0.00,6,055.00,6,055.00
05-FEB-22,26,WWW.PG.IRCTC.CO.I(DCC) WWW.PG.IRCTC. IN,173,0.00,8,661.04,8,661.04
12-FEB-22,27,UPI Payment Received,0,0.00,-48,099.04,-48,099.04
20-MAR-22,28,BLR Domestic Lounge BENGALURU IN,0,0.00,2.00,2.00
21-MAR-22,29,WOW MOMO Kolkata KOL11711 KOLKATA IN,7,0.00,373.00,373.00
22-MAR-22,30,APPLE.COM/BILL 0008001009009 IE,6,0.00,299.00,299.00
4375XXXXXXXX4008
08-APR-21,1,IGST-CI@18%,0,0.00,90.00,90.00
08-APR-21,2,Annual Fee-3rd Year,0,0.00,500.00,500.00
11-APR-21,3,UPI Payment Received,0,0.00,-7,979.00,-7,979.00
12-APR-21,4,NEFT PAYMENT RECEIVED,0,0.00,-5.00,-5.00
15-JUL-21,5,MSW*RAMCHANDRA PRASAD Hazaribag IN,61,0.00,3,040.00,3,040.00
06-AUG-21,6,NEW GANGOUR SWEETS E SINGHBHUM IN,7,0.00,363.00,363.00
10-AUG-21,7,BERRY THAI SPA BANGALORE IN,60,0.00,3,000.00,3,000.00
21-AUG-21,8,UPI Payment Received,0,0.00,-3,398.00,-3,398.00
04-SEP-21,9,REL RETAIL LTD - DIGIT BANGALORE IN,40,0.00,1,998.30,1,998.30
05-SEP-21,10,TRAVEL FOOD SERVICE BANGALORE IN,0,0.00,2.00,2.00
07-SEP-21,11,AMAZON HTTP://WWW.AM IN,57,0.00,2,849.00,2,849.00
12-SEP-21,12,MSW*SHREE RADHA BALLABH Ranchi IN,0,0.00,2,020.00,2,020.00
16-SEP-21,13,UPI Payment Received,0,0.00,-7,849.30,-7,849.30
04-OCT-21,14,MAKEMYTRIP INDIA PVT L NEW DELHI IN,121,0.00,6,035.00,6,035.00
14-OCT-21,15,UPI Payment Received,0,0.00,-8,055.00,-8,055.00
19-OCT-21,16,KESHAVJI CHHAGANLAL JEWEL JAMSHEDPUR IN,900,0.00,45,000.00,45,000.00
03-NOV-21,17,RAZ*CRED Bengaluru IN,0,0.00,2.00,2.00
03-NOV-21,18,UPI Payment Received,0,0.00,-2.00,-2.00
04-NOV-21,19,UPI Payment Received,0,0.00,-50.00,-50.00
12-NOV-21,20,UPI Payment Received,0,0.00,-44,950.00,-44,950.00
26-DEC-21,21,APPLE.COM/BILL 0008001009009 IE,6,0.00,299.00,299.00
08-JAN-22,22,UPI Payment Received,0,0.00,-299.00,-299.00
22-JAN-22,23,JAMSHEDPUR HARDWARE & JAMSHEDPUR IN,520,0.00,26,000.00,26,000.00
26-JAN-22,24,JAMSHEDPUR HARDWARE & JAMSHEDPUR IN,148,0.00,7,383.00,7,383.00
05-FEB-22,25,LKST675 JAMSHEDPUR IN,121,0.00,6,055.00,6,055.00
05-FEB-22,26,WWW.PG.IRCTC.CO.I(DCC) WWW.PG.IRCTC. IN,173,0.00,8,661.04,8,661.04
12-FEB-22,27,UPI Payment Received,0,0.00,-48,099.04,-48,099.04
20-MAR-22,28,BLR Domestic Lounge BENGALURU IN,0,0.00,2.00,2.00
21-MAR-22,29,WOW MOMO Kolkata KOL11711 KOLKATA IN,7,0.00,373.00,373.00
22-MAR-22,30,APPLE.COM/BILL 0008001009009 IE,6,0.00,299.00,299.00
4375XXXXXXXX4008
08-APR-21,1,IGST-CI@18%,0,0.00,90.00,90.00
08-APR-21,2,Annual Fee-3rd Year,0,0.00,500.00,500.00
11-APR-21,3,UPI Payment Received,0,0.00,-7,979.00,-7,979.00
12-APR-21,4,NEFT PAYMENT RECEIVED,0,0.00,-5.00,-5.00
15-JUL-21,5,MSW*RAMCHANDRA PRASAD Hazaribag IN,61,0.00,3,040.00,3,040.00
06-AUG-21,6,NEW GANGOUR SWEETS E SINGHBHUM IN,7,0.00,363.00,363.00
10-AUG-21,7,BERRY THAI SPA BANGALORE IN,60,0.00,3,000.00,3,000.00
21-AUG-21,8,UPI Payment Received,0,0.00,-3,398.00,-3,398.00
04-SEP-21,9,REL RETAIL LTD - DIGIT BANGALORE IN,40,0.00,1,998.30,1,998.30
05-SEP-21,10,TRAVEL FOOD SERVICE BANGALORE IN,0,0.00,2.00,2.00
07-SEP-21,11,AMAZON HTTP://WWW.AM IN,57,0.00,2,849.00,2,849.00
12-SEP-21,12,MSW*SHREE RADHA BALLABH Ranchi IN,0,0.00,2,020.00,2,020.00
16-SEP-21,13,UPI Payment Received,0,0.00,-7,849.30,-7,849.30
04-OCT-21,14,MAKEMYTRIP INDIA PVT L NEW DELHI IN,121,0.00,6,035.00,6,035.00
14-OCT-21,15,UPI Payment Received,0,0.00,-8,055.00,-8,055.00
19-OCT-21,16,KESHAVJI CHHAGANLAL JEWEL JAMSHEDPUR IN,900,0.00,45,000.00,45,000.00
03-NOV-21,17,RAZ*CRED Bengaluru IN,0,0.00,2.00,2.00
03-NOV-21,18,UPI Payment Received,0,0.00,-2.00,-2.00
04-NOV-21,19,UPI Payment Received,0,0.00,-50.00,-50.00
12-NOV-21,20,UPI Payment Received,0,0.00,-44,950.00,-44,950.00
26-DEC-21,21,APPLE.COM/BILL 0008001009009 IE,6,0.00,299.00,299.00
08-JAN-22,22,UPI Payment Received,0,0.00,-299.00,-299.00
22-JAN-22,23,JAMSHEDPUR HARDWARE & JAMSHEDPUR IN,520,0.00,26,000.00,26,000.00
26-JAN-22,24,JAMSHEDPUR HARDWARE & JAMSHEDPUR IN,148,0.00,7,383.00,7,383.00
05-FEB-22,25,LKST675 JAMSHEDPUR IN,121,0.00,6,055.00,6,055.00
05-FEB-22,26,WWW.PG.IRCTC.CO.I(DCC) WWW.PG.IRCTC. IN,173,0.00,8,661.04,8,661.04
12-FEB-22,27,UPI Payment Received,0,0.00,-48,099.04,-48,099.04
20-MAR-22,28,BLR Domestic Lounge BENGALURU IN,0,0.00,2.00,2.00
21-MAR-22,29,WOW MOMO Kolkata KOL11711 KOLKATA IN,7,0.00,373.00,373.00
22-MAR-22,30,APPLE.COM/BILL 0008001009009 IE,6,0.00,299.00,299.00
4375XXXXXXXX4008
08-APR-21,1,IGST-CI@18%,0,0.00,90.00,90.00
08-APR-21,2,Annual Fee-3rd Year,0,0.00,500.00,500.00
11-APR-21,3,UPI Payment Received,0,0.00,-7,979.00,-7,979.00
12-APR-21,4,NEFT PAYMENT RECEIVED,0,0.00,-5.00,-5.00
15-JUL-21,5,MSW*RAMCHANDRA PRASAD Hazaribag IN,61,0.00,3,040.00,3,040.00
06-AUG-21,6,NEW GANGOUR SWEETS E SINGHBHUM IN,7,0.00,363.00,363.00
10-AUG-21,7,BERRY THAI SPA BANGALORE IN,60,0.00,3,000.00,3,000.00
21-AUG-21,8,UPI Payment Received,0,0.00,-3,398.00,-3,398.00
04-SEP-21,9,REL RETAIL LTD - DIGIT BANGALORE IN,40,0.00,1,998.30,1,998.30
05-SEP-21,10,TRAVEL FOOD SERVICE BANGALORE IN,0,0.00,2.00,2.00
07-SEP-21,11,AMAZON HTTP://WWW.AM IN,57,0.00,2,849.00,2,849.00
12-SEP-21,12,MSW*SHREE RADHA BALLABH Ranchi IN,0,0.00,2,020.00,2,020.00
16-SEP-21,13,UPI Payment Received,0,0.00,-7,849.30,-7,849.30
04-OCT-21,14,MAKEMYTRIP INDIA PVT L NEW DELHI IN,121,0.00,6,035.00,6,035.00
14-OCT-21,15,UPI Payment Received,0,0.00,-8,055.00,-8,055.00
19-OCT-21,16,KESHAVJI CHHAGANLAL JEWEL JAMSHEDPUR IN,900,0.00,45,000.00,45,000.00
03-NOV-21,17,RAZ*CRED Bengaluru IN,0,0.00,2.00,2.00
03-NOV-21,18,UPI Payment Received,0,0.00,-2.00,-2.00
04-NOV-21,19,UPI Payment Received,0,0.00,-50.00,-50.00
12-NOV-21,20,UPI Payment Received,0,0.00,-44,950.00,-44,950.00
26-DEC-21,21,APPLE.COM/BILL 0008001009009 IE,6,0.00,299.00,299.00
08-JAN-22,22,UPI Payment Received,0,0.00,-299.00,-299.00
22-JAN-22,23,JAMSHEDPUR HARDWARE & JAMSHEDPUR IN,520,0.00,26,000.00,26,000.00
26-JAN-22,24,JAMSHEDPUR HARDWARE & JAMSHEDPUR IN,148,0.00,7,383.00,7,383.00
05-FEB-22,25,LKST675 JAMSHEDPUR IN,121,0.00,6,055.00,6,055.00
05-FEB-22,26,WWW.PG.IRCTC.CO.I(DCC) WWW.PG.IRCTC. IN,173,0.00,8,661.04,8,661.04
12-FEB-22,27,UPI Payment Received,0,0.00,-48,099.04,-48,099.04
20-MAR-22,28,BLR Domestic Lounge BENGALURU IN,0,0.00,2.00,2.00
21-MAR-22,29,WOW MOMO Kolkata KOL11711 KOLKATA IN,7,0.00,373.00,373.00
22-MAR-22,30,APPLE.COM/BILL 0008001009009 IE,6,0.00,299.00,299.00
4375XXXXXXXX4008
08-APR-21,1,IGST-CI@18%,0,0.00,90.00,90.00
08-APR-21,2,Annual Fee-3rd Year,0,0.00,500.00,500.00
11-APR-21,3,UPI Payment Received,0,0.00,-7,979.00,-7,979.00
12-APR-21,4,NEFT PAYMENT RECEIVED,0,0.00,-5.00,-5.00
15-JUL-21,5,MSW*RAMCHANDRA PRASAD Hazaribag IN,61,0.00,3,040.00,3,040.00
06-AUG-21,6,NEW GANGOUR SWEETS E SINGHBHUM IN,7,0.00,363.00,363.00
10-AUG-21,7,BERRY THAI SPA BANGALORE IN,60,0.00,3,000.00,3,000.00
21-AUG-21,8,UPI Payment Received,0,0.00,-3,398.00,-3,398.00
04-SEP-21,9,REL RETAIL LTD - DIGIT BANGALORE IN,40,0.00,1,998.30,1,998.30
05-SEP-21,10,TRAVEL FOOD SERVICE BANGALORE IN,0,0.00,2.00,2.00
07-SEP-21,11,AMAZON HTTP://WWW.AM IN,57,0.00,2,849.00,2,849.00
12-SEP-21,12,MSW*SHREE RADHA BALLABH Ranchi IN,0,0.00,2,020.00,2,020.00
16-SEP-21,13,UPI Payment Received,0,0.00,-7,849.30,-7,849.30
04-OCT-21,14,MAKEMYTRIP INDIA PVT L NEW DELHI IN,121,0.00,6,035.00,6,035.00
14-OCT-21,15,UPI Payment Received,0,0.00,-8,055.00,-8,055.00
19-OCT-21,16,KESHAVJI CHHAGANLAL JEWEL JAMSHEDPUR IN,900,0.00,45,000.00,45,000.00
03-NOV-21,17,RAZ*CRED Bengaluru IN,0,0.00,2.00,2.00
03-NOV-21,18,UPI Payment Received,0,0.00,-2.00,-2.00
04-NOV-21,19,UPI Payment Received,0,0.00,-50.00,-50.00
12-NOV-21,20,UPI Payment Received,0,0.00,-44,950.00,-44,950.00
26-DEC-21,21,APPLE.COM/BILL 0008001009009 IE,6,0.00,299.00,299.00
08-JAN-22,22,UPI Payment Received,0,0.00,-299.00,-299.00
22-JAN-22,23,JAMSHEDPUR HARDWARE & JAMSHEDPUR IN,520,0.00,26,000.00,26,000.00
26-JAN-22,24,JAMSHEDPUR HARDWARE & JAMSHEDPUR IN,148,0.00,7,383.00,7,383.00
05-FEB-22,25,LKST675 JAMSHEDPUR IN,121,0.00,6,055.00,6,055.00
05-FEB-22,26,WWW.PG.IRCTC.CO.I(DCC) WWW.PG.IRCTC. IN,173,0.00,8,661.04,8,661.04
12-FEB-22,27,UPI Payment Received,0,0.00,-48,099.04,-48,099.04
20-MAR-22,28,BLR Domestic Lounge BENGALURU IN,0,0.00,2.00,2.00
21-MAR-22,29,WOW MOMO Kolkata KOL11711 KOLKATA IN,7,0.00,373.00,373.00
22-MAR-22,30,APPLE.COM/BILL 0008001009009 IE,6,0.00,299.00,299.00
4375XXXXXXXX4008
08-APR-21,1,IGST-CI@18%,0,0.00,90.00,90.00
08-APR-21,2,Annual Fee-3rd Year,0,0.00,500.00,500.00
11-APR-21,3,UPI Payment Received,0,0.00,-7,979.00,-7,979.00
12-APR-21,4,NEFT PAYMENT RECEIVED,0,0.00,-5.00,-5.00
15-JUL-21,5,MSW*RAMCHANDRA PRASAD Hazaribag IN,61,0.00,3,040.00,3,040.00
06-AUG-21,6,NEW GANGOUR SWEETS E SINGHBHUM IN,7,0.00,363.00,363.00
10-AUG-21,7,BERRY THAI SPA BANGALORE IN,60,0.00,3,000.00,3,000.00
21-AUG-21,8,UPI Payment Received,0,0.00,-3,398.00,-3,398.00
04-SEP-21,9,REL RETAIL LTD - DIGIT BANGALORE IN,40,0.00,1,998.30,1,998.30
05-SEP-21,10,TRAVEL FOOD SERVICE BANGALORE IN,0,0.00,2.00,2.00
07-SEP-21,11,AMAZON HTTP://WWW.AM IN,57,0.00,2,849.00,2,849.00
12-SEP-21,12,MSW*SHREE RADHA BALLABH Ranchi IN,0,0.00,2,020.00,2,020.00
16-SEP-21,13,UPI Payment Received,0,0.00,-7,849.30,-7,849.30
04-OCT-21,14,MAKEMYTRIP INDIA PVT L NEW DELHI IN,121,0.00,6,035.00,6,035.00
14-OCT-21,15,UPI Payment Received,0,0.00,-8,055.00,-8,055.00
19-OCT-21,16,KESHAVJI CHHAGANLAL JEWEL JAMSHEDPUR IN,900,0.00,45,000.00,45,000.00
03-NOV-21,17,RAZ*CRED Bengaluru IN,0,0.00,2.00,2.00
03-NOV-21,18,UPI Payment Received,0,0.00,-2.00,-2.00
04-NOV-21,19,UPI Payment Received,0,0.00,-50.00,-50.00
12-NOV-21,20,UPI Payment Received,0,0.00,-44,950.00,-44,950.00
26-DEC-21,21,APPLE.COM/BILL 0008001009009 IE,6,0.00,299.00,299.00
08-JAN-22,22,UPI Payment Received,0,0.00,-299.00,-299.00
22-JAN-22,23,JAMSHEDPUR HARDWARE & JAMSHEDPUR IN,520,0.00,26,000.00,26,000.00
26-JAN-22,24,JAMSHEDPUR HARDWARE & JAMSHEDPUR IN,148,0.00,7,383.00,7,383.00
05-FEB-22,25,LKST675 JAMSHEDPUR IN,121,0.00,6,055.00,6,055.00
05-FEB-22,26,WWW.PG.IRCTC.CO.I(DCC) WWW.PG.IRCTC. IN,173,0.00,8,661.04,8,661.04
12-FEB-22,27,UPI Payment Received,0,0.00,-48,099.04,-48,099.04
20-MAR-22,28,BLR Domestic Lounge BENGALURU IN,0,0.00,2.00,2.00
21-MAR-22,29,WOW MOMO Kolkata KOL11711 KOLKATA IN,7,0.00,373.00,373.00
22-MAR-22,30,APPLE.COM/BILL 0008001009009 IE,6,0.00,299.00,299.00
4375XXXXXXXX4008
08-APR-21,1,IGST-CI@18%,0,0.00,90.00,90.00
08-APR-21,2,Annual Fee-3rd Year,0,0.00,500.00,500.00
11-APR-21,3,UPI Payment Received,0,0.00,-7,979.00,-7,979.00
12-APR-21,4,NEFT PAYMENT RECEIVED,0,0.00,-5.00,-5.00
15-JUL-21,5,MSW*RAMCHANDRA PRASAD Hazaribag IN,61,0.00,3,040.00,3,040.00
06-AUG-21,6,NEW GANGOUR SWEETS E SINGHBHUM IN,7,0.00,363.00,363.00
10-AUG-21,7,BERRY THAI SPA BANGALORE IN,60,0.00,3,000.00,3,000.00
21-AUG-21,8,UPI Payment Received,0,0.00,-3,398.00,-3,398.00
04-SEP-21,9,REL RETAIL LTD - DIGIT BANGALORE IN,40,0.00,1,998.30,1,998.30
05-SEP-21,10,TRAVEL FOOD SERVICE BANGALORE IN,0,0.00,2.00,2.00
07-SEP-21,11,AMAZON HTTP://WWW.AM IN,57,0.00,2,849.00,2,849.00
12-SEP-21,12,MSW*SHREE RADHA BALLABH Ranchi IN,0,0.00,2,020.00,2,020.00
16-SEP-21,13,UPI Payment Received,0,0.00,-7,849.30,-7,849.30
04-OCT-21,14,MAKEMYTRIP INDIA PVT L NEW DELHI IN,121,0.00,6,035.00,6,035.00
14-OCT-21,15,UPI Payment Received,0,0.00,-8,055.00,-8,055.00
19-OCT-21,16,KESHAVJI CHHAGANLAL JEWEL JAMSHEDPUR IN,900,0.00,45,000.00,45,000.00
03-NOV-21,17,RAZ*CRED Bengaluru IN,0,0.00,2.00,2.00
03-NOV-21,18,UPI Payment Received,0,0.00,-2.00,-2.00
04-NOV-21,19,UPI Payment Received,0,0.00,-50.00,-50.00
12-NOV-21,20,UPI Payment Received,0,0.00,-44,950.00,-44,950.00
26-DEC-21,21,APPLE.COM/BILL 0008001009009 IE,6,0.00,299.00,299.00
08-JAN-22,22,UPI Payment Received,0,0.00,-299.00,-299.00
22-JAN-22,23,JAMSHEDPUR HARDWARE & JAMSHEDPUR IN,520,0.00,26,000.00,26,000.00
26-JAN-22,24,JAMSHEDPUR HARDWARE & JAMSHEDPUR IN,148,0.00,7,383.00,7,383.00
05-FEB-22,25,LKST675 JAMSHEDPUR IN,121,0.00,6,055.00,6,055.00
05-FEB-22,26,WWW.PG.IRCTC.CO.I(DCC) WWW.PG.IRCTC. IN,173,0.00,8,661.04,8,661.04
12-FEB-22,27,UPI Payment Received,0,0.00,-48,099.04,-48,099.04
20-MAR-22,28,BLR Domestic Lounge BENGALURU IN,0,0.00,2.00,2.00
21-MAR-22,29,WOW MOMO Kolkata KOL11711 KOLKATA IN,7,0.00,373.00,373.00
22-MAR-22,30,APPLE.COM/BILL 0008001009009 IE,6,0.00,299.00,299.00
4375XXXXXXXX4008
08-APR-21,1,IGST-CI@18%,0,0.00,90.00,90.00
08-APR-21,2,Annual Fee-3rd Year,0,0.00,500.00,500.00
11-APR-21,3,UPI Payment Received,0,0.00,-7,979.00,-7,979.00
12-APR-21,4,NEFT PAYMENT RECEIVED,0,0.00,-5.00,-5.00
15-JUL-21,5,MSW*RAMCHANDRA PRASAD Hazaribag IN,61,0.00,3,040.00,3,040.00
06-AUG-21,6,NEW GANGOUR SWEETS E SINGHBHUM IN,7,0.00,363.00,363.00
10-AUG-21,7,BERRY THAI SPA BANGALORE IN,60,0.00,3,000.00,3,000.00
21-AUG-21,8,UPI Payment Received,0,0.00,-3,398.00,-3,398.00
04-SEP-21,9,REL RETAIL LTD - DIGIT BANGALORE IN,40,0.00,1,998.30,1,998.30
05-SEP-21,10,TRAVEL FOOD SERVICE BANGALORE IN,0,0.00,2.00,2.00
07-SEP-21,11,AMAZON HTTP://WWW.AM IN,57,0.00,2,849.00,2,849.00
12-SEP-21,12,MSW*SHREE RADHA BALLABH Ranchi IN,0,0.00,2,020.00,2,020.00
16-SEP-21,13,UPI Payment Received,0,0.00,-7,849.30,-7,849.30
04-OCT-21,14,MAKEMYTRIP INDIA PVT L NEW DELHI IN,121,0.00,6,035.00,6,035.00
14-OCT-21,15,UPI Payment Received,0,0.00,-8,055.00,-8,055.00
19-OCT-21,16,KESHAVJI CHHAGANLAL JEWEL JAMSHEDPUR IN,900,0.00,45,000.00,45,000.00
03-NOV-21,17,RAZ*CRED Bengaluru IN,0,0.00,2.00,2.00
03-NOV-21,18,UPI Payment Received,0,0.00,-2.00,-2.00
04-NOV-21,19,UPI Payment Received,0,0.00,-50.00,-50.00
12-NOV-21,20,UPI Payment Received,0,0.00,-44,950.00,-44,950.00
26-DEC-21,21,APPLE.COM/BILL 0008001009009 IE,6,0.00,299.00,299.00
08-JAN-22,22,UPI Payment Received,0,0.00,-299.00,-299.00
22-JAN-22,23,JAMSHEDPUR HARDWARE & JAMSHEDPUR IN,520,0.00,26,000.00,26,000.00
26-JAN-22,24,JAMSHEDPUR HARDWARE & JAMSHEDPUR IN,148,0.00,7,383.00,7,383.00
05-FEB-22,25,LKST675 JAMSHEDPUR IN,121,0.00,6,055.00,6,055.00
05-FEB-22,26,WWW.PG.IRCTC.CO.I(DCC) WWW.PG.IRCTC. IN,173,0.00,8,661.04,8,661.04
12-FEB-22,27,UPI Payment Received,0,0.00,-48,099.04,-48,099.04
20-MAR-22,28,BLR Domestic Lounge BENGALURU IN,0,0.00,2.00,2.00
21-MAR-22,29,WOW MOMO Kolkata KOL11711 KOLKATA IN,7,0.00,373.00,373.00
22-MAR-22,30,APPLE.COM/BILL 0008001009009 IE,6,0.00,299.00,299.00
4375XXXXXXXX4008
08-APR-21,1,IGST-CI@18%,0,0.00,90.00,90.00
08-APR-21,2,Annual Fee-3rd Year,0,0.00,500.00,500.00
11-APR-21,3,UPI Payment Received,0,0.00,-7,979.00,-7,979.00
12-APR-21,4,NEFT PAYMENT RECEIVED,0,0.00,-5.00,-5.00
15-JUL-21,5,MSW*RAMCHANDRA PRASAD Hazaribag IN,61,0.00,3,040.00,3,040.00
06-AUG-21,6,NEW GANGOUR SWEETS E SINGHBHUM IN,7,0.00,363.00,363.00
10-AUG-21,7,BERRY THAI SPA BANGALORE IN,60,0.00,3,000.00,3,000.00
21-AUG-21,8,UPI Payment Received,0,0.00,-3,398.00,-3,398.00
04-SEP-21,9,REL RETAIL LTD - DIGIT BANGALORE IN,40,0.00,1,998.30,1,998.30
05-SEP-21,10,TRAVEL FOOD SERVICE BANGALORE IN,0,0.00,2.00,2.00
07-SEP-21,11,AMAZON HTTP://WWW.AM IN,57,0.00,2,849.00,2,849.00
12-SEP-21,12,MSW*SHREE RADHA BALLABH Ranchi IN,0,0.00,2,020.00,2,020.00
16-SEP-21,13,UPI Payment Received,0,0.00,-7,849.30,-7,849.30
04-OCT-21,14,MAKEMYTRIP INDIA PVT L NEW DELHI IN,121,0.00,6,035.00,6,035.00
14-OCT-21,15,UPI Payment Received,0,0.00,-8,055.00,-8,055.00
19-OCT-21,16,KESHAVJI CHHAGANLAL JEWEL JAMSHEDPUR IN,900,0.00,45,000.00,45,000.00
03-NOV-21,17,RAZ*CRED Bengaluru IN,0,0.00,2.00,2.00
03-NOV-21,18,UPI Payment Received,0,0.00,-2.00,-2.00
04-NOV-21,19,UPI Payment Received,0,0.00,-50.00,-50.00
12-NOV-21,20,UPI Payment Received,0,0.00,-44,950.00,-44,950.00
26-DEC-21,21,APPLE.COM/BILL 0008001009009 IE,6,0.00,299.00,299.00
08-JAN-22,22,UPI Payment Received,0,0.00,-299.00,-299.00
22-JAN-22,23,JAMSHEDPUR HARDWARE & JAMSHEDPUR IN,520,0.00,26,000.00,26,000.00
26-JAN-22,24,JAMSHEDPUR HARDWARE & JAMSHEDPUR IN,148,0.00,7,383.00,7,383.00
05-FEB-22,25,LKST675 JAMSHEDPUR IN,121,0.00,6,055.00,6,055.00
05-FEB-22,26,WWW.PG.IRCTC.CO.I(DCC) WWW.PG.IRCTC. IN,173,0.00,8,661.04,8,661.04
12-FEB-22,27,UPI Payment Received,0,0.00,-48,099.04,-48,099.04
20-MAR-22,28,BLR Domestic Lounge BENGALURU IN,0,0.00,2.00,2.00
21-MAR-22,29,WOW MOMO Kolkata KOL11711 KOLKATA IN,7,0.00,373.00,373.00
22-MAR-22,30,APPLE.COM/BILL 0008001009009 IE,6,0.00,299.00,299.00
4375XXXXXXXX4008
08-APR-21,1,IGST-CI@18%,0,0.00,90.00,90.00
08-APR-21,2,Annual Fee-3rd Year,0,0.00,500.00,500.00
11-APR-21,3,UPI Payment Received,0,0.00,-7,979.00,-7,979.00
12-APR-21,4,NEFT PAYMENT RECEIVED,0,0.00,-5.00,-5.00
15-JUL-21,5,MSW*RAMCHANDRA PRASAD Hazaribag IN,61,0.00,3,040.00,3,040.00
06-AUG-21,6,NEW GANGOUR SWEETS E SINGHBHUM IN,7,0.00,363.00,363.00
10-AUG-21,7,BERRY THAI SPA BANGALORE IN,60,0.00,3,000.00,3,000.00
21-AUG-21,8,UPI Payment Received,0,0.00,-3,398.00,-3,398.00
04-SEP-21,9,REL RETAIL LTD - DIGIT BANGALORE IN,40,0.00,1,998.30,1,998.30
05-SEP-21,10,TRAVEL FOOD SERVICE BANGALORE IN,0,0.00,2.00,2.00
07-SEP-21,11,AMAZON HTTP://WWW.AM IN,57,0.00,2,849.00,2,849.00
12-SEP-21,12,MSW*SHREE RADHA BALLABH Ranchi IN,0,0.00,2,020.00,2,020.00
16-SEP-21,13,UPI Payment Received,0,0.00,-7,849.30,-7,849.30
04-OCT-21,14,MAKEMYTRIP INDIA PVT L NEW DELHI IN,121,0.00,6,035.00,6,035.00
14-OCT-21,15,UPI Payment Received,0,0.00,-8,055.00,-8,055.00
19-OCT-21,16,KESHAVJI CHHAGANLAL JEWEL JAMSHEDPUR IN,900,0.00,45,000.00,45,000.00
03-NOV-21,17,RAZ*CRED Bengaluru IN,0,0.00,2.00,2.00
03-NOV-21,18,UPI Payment Received,0,0.00,-2.00,-2.00
04-NOV-21,19,UPI Payment Received,0,0.00,-50.00,-50.00
12-NOV-21,20,UPI Payment Received,0,0.00,-44,950.00,-44,950.00
26-DEC-21,21,APPLE.COM/BILL 0008001009009 IE,6,0.00,299.00,299.00
08-JAN-22,22,UPI Payment Received,0,0.00,-299.00,-299.00
22-JAN-22,23,JAMSHEDPUR HARDWARE & JAMSHEDPUR IN,520,0.00,26,000.00,26,000.00
26-JAN-22,24,JAMSHEDPUR HARDWARE & JAMSHEDPUR IN,148,0.00,7,383.00,7,383.00
05-FEB-22,25,LKST675 JAMSHEDPUR IN,121,0.00,6,055.00,6,055.00
05-FEB-22,26,WWW.PG.IRCTC.CO.I(DCC) WWW.PG.IRCTC. IN,173,0.00,8,661.04,8,661.04
12-FEB-22,27,UPI Payment Received,0,0.00,-48,099.04,-48,099.04
20-MAR-22,28,BLR Domestic Lounge BENGALURU IN,0,0.00,2.00,2.00
21-MAR-22,29,WOW MOMO Kolkata KOL11711 KOLKATA IN,7,0.00,373.00,373.00
22-MAR-22,30,APPLE.COM/BILL 0008001009009 IE,6,0.00,299.00,299.00
4375XXXXXXXX4008
08-APR-21,1,IGST-CI@18%,0,0.00,90.00,90.00
08-APR-21,2,Annual Fee-3rd Year,0,0.00,500.00,500.00
11-APR-21,3,UPI Payment Received,0,0.00,-7,979.00,-7,979.00
12-APR-21,4,NEFT PAYMENT RECEIVED,0,0.00,-5.00,-5.00
15-JUL-21,5,MSW*RAMCHANDRA PRASAD Hazaribag IN,61,0.00,3,040.00,3,040.00
06-AUG-21,6,NEW GANGOUR SWEETS E SINGHBHUM IN,7,0.00,363.00,363.00
10-AUG-21,7,BERRY THAI SPA BANGALORE IN,60,0.00,3,000.00,3,000.00
21-AUG-21,8,UPI Payment Received,0,0.00,-3,398.00,-3,398.00
04-SEP-21,9,REL RETAIL LTD - DIGIT BANGALORE IN,40,0.00,1,998.30,1,998.30
05-SEP-21,10,TRAVEL FOOD SERVICE BANGALORE IN,0,0.00,2.00,2.00
07-SEP-21,11,AMAZON HTTP://WWW.AM IN,57,0.00,2,849.00,2,849.00
12-SEP-21,12,MSW*SHREE RADHA BALLABH Ranchi IN,0,0.00,2,020.00,2,020.00
16-SEP-21,13,UPI Payment Received,0,0.00,-7,849.30,-7,849.30
04-OCT-21,14,MAKEMYTRIP INDIA PVT L NEW DELHI IN,121,0.00,6,035.00,6,035.00
14-OCT-21,15,UPI Payment Received,0,0.00,-8,055.00,-8,055.00
19-OCT-21,16,KESHAVJI CHHAGANLAL JEWEL JAMSHEDPUR IN,900,0.00,45,000.00,45,000.00
03-NOV-21,17,RAZ*CRED Bengaluru IN,0,0.00,2.00,2.00
03-NOV-21,18,UPI Payment Received,0,0.00,-2.00,-2.00
04-NOV-21,19,UPI Payment Received,0,0.00,-50.00,-50.00
12-NOV-21,20,UPI Payment Received,0,0.00,-44,950.00,-44,950.00
26-DEC-21,21,APPLE.COM/BILL 0008001009009 IE,6,0.00,299.00,299.00
08-JAN-22,22,UPI Payment Received,0,0.00,-299.00,-299.00
22-JAN-22,23,JAMSHEDPUR HARDWARE & JAMSHEDPUR IN,520,0.00,26,000.00,26,000.00
26-JAN-22,24,JAMSHEDPUR HARDWARE & JAMSHEDPUR IN,148,0.00,7,383.00,7,383.00
05-FEB-22,25,LKST675 JAMSHEDPUR IN,121,0.00,6,055.00,6,055.00
05-FEB-22,26,WWW.PG.IRCTC.CO.I(DCC) WWW.PG.IRCTC. IN,173,0.00,8,661.04,8,661.04
12-FEB-22,27,UPI Payment Received,0,0.00,-48,099.04,-48,099.04
20-MAR-22,28,BLR Domestic Lounge BENGALURU IN,0,0.00,2.00,2.00
21-MAR-22,29,WOW MOMO Kolkata KOL11711 KOLKATA IN,7,0.00,373.00,373.00
22-MAR-22,30,APPLE.COM/BILL 0008001009009 IE,6,0.00,299.00,299.00
4375XXXXXXXX4008
08-APR-21,1,IGST-CI@18%,0,0.00,90.00,90.00
08-APR-21,2,Annual Fee-3rd Year,0,0.00,500.00,500.00
11-APR-21,3,UPI Payment Received,0,0.00,-7,979.00,-7,979.00
12-APR-21,4,NEFT PAYMENT RECEIVED,0,0.00,-5.00,-5.00
15-JUL-21,5,MSW*RAMCHANDRA PRASAD Hazaribag IN,61,0.00,3,040.00,3,040.00
06-AUG-21,6,NEW GANGOUR SWEETS E SINGHBHUM IN,7,0.00,363.00,363.00
10-AUG-21,7,BERRY THAI SPA BANGALORE IN,60,0.00,3,000.00,3,000.00
21-AUG-21,8,UPI Payment Received,0,0.00,-3,398.00,-3,398.00
04-SEP-21,9,REL RETAIL LTD - DIGIT BANGALORE IN,40,0.00,1,998.30,1,998.30
05-SEP-21,10,TRAVEL FOOD SERVICE BANGALORE IN,0,0.00,2.00,2.00
07-SEP-21,11,AMAZON HTTP://WWW.AM IN,57,0.00,2,849.00,2,849.00
12-SEP-21,12,MSW*SHREE RADHA BALLABH Ranchi IN,0,0.00,2,020.00,2,020.00
16-SEP-21,13,UPI Payment Received,0,0.00,-7,849.30,-7,849.30
04-OCT-21,14,MAKEMYTRIP INDIA PVT L NEW DELHI IN,121,0.00,6,035.00,6,035.00
14-OCT-21,15,UPI Payment Received,0,0.00,-8,055.00,-8,055.00
19-OCT-21,16,KESHAVJI CHHAGANLAL JEWEL JAMSHEDPUR IN,900,0.00,45,000.00,45,000.00
03-NOV-21,17,RAZ*CRED Bengaluru IN,0,0.00,2.00,2.00
03-NOV-21,18,UPI Payment Received,0,0.00,-2.00,-2.00
04-NOV-21,19,UPI Payment Received,0,0.00,-50.00,-50.00
12-NOV-21,20,UPI Payment Received,0,0.00,-44,950.00,-44,950.00
26-DEC-21,21,APPLE.COM/BILL 0008001009009 IE,6,0.00,299.00,299.00
08-JAN-22,22,UPI Payment Received,0,0.00,-299.00,-299.00
22-JAN-22,23,JAMSHEDPUR HARDWARE & JAMSHEDPUR IN,520,0.00,26,000.00,26,000.00
26-JAN-22,24,JAMSHEDPUR HARDWARE & JAMSHEDPUR IN,148,0.00,7,383.00,7,383.00
05-FEB-22,25,LKST675 JAMSHEDPUR IN,121,0.00,6,055.00,6,055.00
05-FEB-22,26,WWW.PG.IRCTC.CO.I(DCC) WWW.PG.IRCTC. IN,173,0.00,8,661.04,8,661.04
12-FEB-22,27,UPI Payment Received,0,0.00,-48,099.04,-48,099.04
20-MAR-22,28,BLR Domestic Lounge BENGALURU IN,0,0.00,2.00,2.00
21-MAR-22,29,WOW MOMO Kolkata KOL11711 KOLKATA IN,7,0.00,373.00,373.00
22-MAR-22,30,APPLE.COM/BILL 0008001009009 IE,6,0.00,299.00,299.00
4375XXXXXXXX4008
08-APR-21,1,IGST-CI@18%,0,0.00,90.00,90.00
08-APR-21,2,Annual Fee-3rd Year,0,0.00,500.00,500.00
11-APR-21,3,UPI Payment Received,0,0.00,-7,979.00,-7,979.00
12-APR-21,4,NEFT PAYMENT RECEIVED,0,0.00,-5.00,-5.00
15-JUL-21,5,MSW*RAMCHANDRA PRASAD Hazaribag IN,61,0.00,3,040.00,3,040.00
06-AUG-21,6,NEW GANGOUR SWEETS E SINGHBHUM IN,7,0.00,363.00,363.00
10-AUG-21,7,BERRY THAI SPA BANGALORE IN,60,0.00,3,000.00,3,000.00
21-AUG-21,8,UPI Payment Received,0,0.00,-3,398.00,-3,398.00
04-SEP-21,9,REL RETAIL LTD - DIGIT BANGALORE IN,40,0.00,1,998.30,1,998.30
05-SEP-21,10,TRAVEL FOOD SERVICE BANGALORE IN,0,0.00,2.00,2.00
07-SEP-21,11,AMAZON HTTP://WWW.AM IN,57,0.00,2,849.00,2,849.00
12-SEP-21,12,MSW*SHREE RADHA BALLABH Ranchi IN,0,0.00,2,020.00,2,020.00
16-SEP-21,13,UPI Payment Received,0,0.00,-7,849.30,-7,849.30
04-OCT-21,14,MAKEMYTRIP INDIA PVT L NEW DELHI IN,121,0.00,6,035.00,6,035.00
14-OCT-21,15,UPI Payment Received,0,0.00,-8,055.00,-8,055.00
19-OCT-21,16,KESHAVJI CHHAGANLAL JEWEL JAMSHEDPUR IN,900,0.00,45,000.00,45,000.00
03-NOV-21,17,RAZ*CRED Bengaluru IN,0,0.00,2.00,2.00
03-NOV-21,18,UPI Payment Received,0,0.00,-2.00,-2.00
04-NOV-21,19,UPI Payment Received,0,0.00,-50.00,-50.00
12-NOV-21,20,UPI Payment Received,0,0.00,-44,950.00,-44,950.00
26-DEC-21,21,APPLE.COM/BILL 0008001009009 IE,6,0.00,299.00,299.00
08-JAN-22,22,UPI Payment Received,0,0.00,-299.00,-299.00
22-JAN-22,23,JAMSHEDPUR HARDWARE & JAMSHEDPUR IN,520,0.00,26,000.00,26,000.00
26-JAN-22,24,JAMSHEDPUR HARDWARE & JAMSHEDPUR IN,148,0.00,7,383.00,7,383.00
05-FEB-22,25,LKST675 JAMSHEDPUR IN,121,0.00,6,055.00,6,055.00
05-FEB-22,26,WWW.PG.IRCTC.CO.I(DCC) WWW.PG.IRCTC. IN,173,0.00,8,661.04,8,661.04
12-FEB-22,27,UPI Payment Received,0,0.00,-48,099.04,-48,099.04
20-MAR-22,28,BLR Domestic Lounge BENGALURU IN,0,0.00,2.00,2.00
21-MAR-22,29,WOW MOMO Kolkata KOL11711 KOLKATA IN,7,0.00,373.00,373.00
22-MAR-22,30,APPLE.COM/BILL 0008001009009 IE,6,0.00,299.00,299.00
4375XXXXXXXX4008
08-APR-21,1,IGST-CI@18%,0,0.00,90.00,90.00
08-APR-21,2,Annual Fee-3rd Year,0,0.00,500.00,500.00
11-APR-21,3,UPI Payment Received,0,0.00,-7,979.00,-7,979.00
12-APR-21,4,NEFT PAYMENT RECEIVED,0,0.00,-5.00,-5.00
15-JUL-21,5,MSW*RAMCHANDRA PRASAD Hazaribag IN,61,0.00,3,040.00,3,040.00
06-AUG-21,6,NEW GANGOUR SWEETS E SINGHBHUM IN,7,0.00,363.00,363.00
10-AUG-21,7,BERRY THAI SPA BANGALORE IN,60,0.00,3,000.00,3,000.00
21-AUG-21,8,UPI Payment Received,0,0.00,-3,398.00,-3,398.00
04-SEP-21,9,REL RETAIL LTD - DIGIT BANGALORE IN,40,0.00,1,998.30,1,998.30
05-SEP-21,10,TRAVEL FOOD SERVICE BANGALORE IN,0,0.00,2.00,2.00
07-SEP-21,11,AMAZON HTTP://WWW.AM IN,57,0.00,2,849.00,2,849.00
12-SEP-21,12,MSW*SHREE RADHA BALLABH Ranchi IN,0,0.00,2,020.00,2,020.00
16-SEP-21,13,UPI Payment Received,0,0.00,-7,849.30,-7,849.30
04-OCT-21,14,MAKEMYTRIP INDIA PVT L NEW DELHI IN,121,0.00,6,035.00,6,035.00
14-OCT-21,15,UPI Payment Received,0,0.00,-8,055.00,-8,055.00
19-OCT-21,16,KESHAVJI CHHAGANLAL JEWEL JAMSHEDPUR IN,900,0.00,45,000.00,45,000.00
03-NOV-21,17,RAZ*CRED Bengaluru IN,0,0.00,2.00,2.00
03-NOV-21,18,UPI Payment Received,0,0.00,-2.00,-2.00
04-NOV-21,19,UPI Payment Received,0,0.00,-50.00,-50.00
12-NOV-21,20,UPI Payment Received,0,0.00,-44,950.00,-44,950.00
26-DEC-21,21,APPLE.COM/BILL 0008001009009 IE,6,0.00,299.00,299.00
08-JAN-22,22,UPI Payment Received,0,0.00,-299.00,-299.00
22-JAN-22,23,JAMSHEDPUR HARDWARE & JAMSHEDPUR IN,520,0.00,26,000.00,26,000.00
26-JAN-22,24,JAMSHEDPUR HARDWARE & JAMSHEDPUR IN,148,0.00,7,383.00,7,383.00
05-FEB-22,25,LKST675 JAMSHEDPUR IN,121,0.00,6,055.00,6,055.00
05-FEB-22,26,WWW.PG.IRCTC.CO.I(DCC) WWW.PG.IRCTC. IN,173,0.00,8,661.04,8,661.04
12-FEB-22,27,UPI Payment Received,0,0.00,-48,099.04,-48,099.04
20-MAR-22,28,BLR Domestic Lounge BENGALURU IN,0,0.00,2.00,2.00
21-MAR-22,29,WOW MOMO Kolkata KOL11711 KOLKATA IN,7,0.00,373.00,373.00
22-MAR-22,30,APPLE.COM/BILL 0008001009009 IE,6,0.00,299.00,299.00
4375XXXXXXXX4008
08-APR-21,1,IGST-CI@18%,0,0.00,90.00,90.00
08-APR-21,2,Annual Fee-3rd Year,0,0.00,500.00,500.00
11-APR-21,3,UPI Payment Received,0,0.00,-7,979.00,-7,979.00
12-APR-21,4,NEFT PAYMENT RECEIVED,0,0.00,-5.00,-5.00
15-JUL-21,5,MSW*RAMCHANDRA PRASAD Hazaribag IN,61,0.00,3,040.00,3,040.00
06-AUG-21,6,NEW GANGOUR SWEETS E SINGHBHUM IN,7,0.00,363.00,363.00
10-AUG-21,7,BERRY THAI SPA BANGALORE IN,60,0.00,3,000.00,3,000.00
21-AUG-21,8,UPI Payment Received,0,0.00,-3,398.00,-3,398.00
04-SEP-21,9,REL RETAIL LTD - DIGIT BANGALORE IN,40,0.00,1,998.30,1,998.30
05-SEP-21,10,TRAVEL FOOD SERVICE BANGALORE IN,0,0.00,2.00,2.00
07-SEP-21,11,AMAZON HTTP://WWW.AM IN,57,0.00,2,849.00,2,849.00
12-SEP-21,12,MSW*SHREE RADHA BALLABH Ranchi IN,0,0.00,2,020.00,2,020.00
16-SEP-21,13,UPI Payment Received,0,0.00,-7,849.30,-7,849.30
04-OCT-21,14,MAKEMYTRIP INDIA PVT L NEW DELHI IN,121,0.00,6,035.00,6,035.00
14-OCT-21,15,UPI Payment Received,0,0.00,-8,055.00,-8,055.00
19-OCT-21,16,KESHAVJI CHHAGANLAL JEWEL JAMSHEDPUR IN,900,0.00,45,000.00,45,000.00
03-NOV-21,17,RAZ*CRED Bengaluru IN,0,0.00,2.00,2.00
03-NOV-21,18,UPI Payment Received,0,0.00,-2.00,-2.00
04-NOV-21,19,UPI Payment Received,0,0.00,-50.00,-50.00
12-NOV-21,20,UPI Payment Received,0,0.00,-44,950.00,-44,950.00
26-DEC-21,21,APPLE.COM/BILL 0008001009009 IE,6,0.00,299.00,299.00
08-JAN-22,22,UPI Payment Received,0,0.00,-299.00,-299.00
22-JAN-22,23,JAMSHEDPUR HARDWARE & JAMSHEDPUR IN,520,0.00,26,000.00,26,000.00
26-JAN-22,24,JAMSHEDPUR HARDWARE & JAMSHEDPUR IN,148,0.00,7,383.00,7,383.00
05-FEB-22,25,LKST675 JAMSHEDPUR IN,121,0.00,6,055.00,6,055.00
05-FEB-22,26,WWW.PG.IRCTC.CO.I(DCC) WWW.PG.IRCTC. IN,173,0.00,8,661.04,8,661.04
12-FEB-22,27,UPI Payment Received,0,0.00,-48,099.04,-48,099.04
20-MAR-22,28,BLR Domestic Lounge BENGALURU IN,0,0.00,2.00,2.00
21-MAR-22,29,WOW MOMO Kolkata KOL11711 KOLKATA IN,7,0.00,373.00,373.00
22-MAR-22,30,APPLE.COM/BILL 0008001009009 IE,6,0.00,299.00,299.00
4375XXXXXXXX4008
08-APR-21,1,IGST-CI@18%,0,0.00,90.00,90.00
08-APR-21,2,Annual Fee-3rd Year,0,0.00,500.00,500.00
11-APR-21,3,UPI Payment Received,0,0.00,-7,979.00,-7,979.00
12-APR-21,4,NEFT PAYMENT RECEIVED,0,0.00,-5.00,-5.00
15-JUL-21,5,MSW*RAMCHANDRA PRASAD Hazaribag IN,61,0.00,3,040.00,3,040.00
06-AUG-21,6,NEW GANGOUR SWEETS E SINGHBHUM IN,7,0.00,363.00,363.00
10-AUG-21,7,BERRY THAI SPA BANGALORE IN,60,0.00,3,000.00,3,000.00
21-AUG-21,8,UPI Payment Received,0,0.00,-3,398.00,-3,398.00
04-SEP-21,9,REL RETAIL LTD - DIGIT BANGALORE IN,40,0.00,1,998.30,1,998.30
05-SEP-21,10,TRAVEL FOOD SERVICE BANGALORE IN,0,0.00,2.00,2.00
07-SEP-21,11,AMAZON HTTP://WWW.AM IN,57,0.00,2,849.00,2,849.00
12-SEP-21,12,MSW*SHREE RADHA BALLABH Ranchi IN,0,0.00,2,020.00,2,020.00
16-SEP-21,13,UPI Payment Received,0,0.00,-7,849.30,-7,849.30
04-OCT-21,14,MAKEMYTRIP INDIA PVT L NEW DELHI IN,121,0.00,6,035.00,6,035.00
14-OCT-21,15,UPI Payment Received,0,0.00,-8,055.00,-8,055.00
19-OCT-21,16,KESHAVJI CHHAGANLAL JEWEL JAMSHEDPUR IN,900,0.00,45,000.00,45,000.00
03-NOV-21,17,RAZ*CRED Bengaluru IN,0,0.00,2.00,2.00
03-NOV-21,18,UPI Payment Received,0,0.00,-2.00,-2.00
04-NOV-21,19,UPI Payment Received,0,0.00,-50.00,-50.00
12-NOV-21,20,UPI Payment Received,0,0.00,-44,950.00,-44,950.00
26-DEC-21,21,APPLE.COM/BILL 0008001009009 IE,6,0.00,299.00,299.00
08-JAN-22,22,UPI Payment Received,0,0.00,-299.00,-299.00
22-JAN-22,23,JAMSHEDPUR HARDWARE & JAMSHEDPUR IN,520,0.00,26,000.00,26,000.00
26-JAN-22,24,JAMSHEDPUR HARDWARE & JAMSHEDPUR IN,148,0.00,7,383.00,7,383.00
05-FEB-22,25,LKST675 JAMSHEDPUR IN,121,0.00,6,055.00,6,055.00
05-FEB-22,26,WWW.PG.IRCTC.CO.I(DCC) WWW.PG.IRCTC. IN,173,0.00,8,661.04,8,661.04
12-FEB-22,27,UPI Payment Received,0,0.00,-48,099.04,-48,099.04
20-MAR-22,28,BLR Domestic Lounge BENGALURU IN,0,0.00,2.00,2.00
21-MAR-22,29,WOW MOMO Kolkata KOL11711 KOLKATA IN,7,0.00,373.00,373.00
22-MAR-22,30,APPLE.COM/BILL 0008001009009 IE,6,0.00,299.00,299.00
4375XXXXXXXX4008
08-APR-21,1,IGST-CI@18%,0,0.00,90.00,90.00
08-APR-21,2,Annual Fee-3rd Year,0,0.00,500.00,500.00
11-APR-21,3,UPI Payment Received,0,0.00,-7,979.00,-7,979.00
12-APR-21,4,NEFT PAYMENT RECEIVED,0,0.00,-5.00,-5.00
15-JUL-21,5,MSW*RAMCHANDRA PRASAD Hazaribag IN,61,0.00,3,040.00,3,040.00
06-AUG-21,6,NEW GANGOUR SWEETS E SINGHBHUM IN,7,0.00,363.00,363.00
10-AUG-21,7,BERRY THAI SPA BANGALORE IN,60,0.00,3,000.00,3,000.00
21-AUG-21,8,UPI Payment Received,0,0.00,-3,398.00,-3,398.00
04-SEP-21,9,REL RETAIL LTD - DIGIT BANGALORE IN,40,0.00,1,998.30,1,998.30
05-SEP-21,10,TRAVEL FOOD SERVICE BANGALORE IN,0,0.00,2.00,2.00
07-SEP-21,11,AMAZON HTTP://WWW.AM IN,57,0.00,2,849.00,2,849.00
12-SEP-21,12,MSW*SHREE RADHA BALLABH Ranchi IN,0,0.00,2,020.00,2,020.00
16-SEP-21,13,UPI Payment Received,0,0.00,-7,849.30,-7,849.30
04-OCT-21,14,MAKEMYTRIP INDIA PVT L NEW DELHI IN,121,0.00,6,035.00,6,035.00
14-OCT-21,15,UPI Payment Received,0,0.00,-8,055.00,-8,055.00
19-OCT-21,16,KESHAVJI CHHAGANLAL JEWEL JAMSHEDPUR IN,900,0.00,45,000.00,45,000.00
03-NOV-21,17,RAZ*CRED Bengaluru IN,0,0.00,2.00,2.00
03-NOV-21,18,UPI Payment Received,0,0.00,-2.00,-2.00
04-NOV-21,19,UPI Payment Received,0,0.00,-50.00,-50.00
12-NOV-21,20,UPI Payment Received,0,0.00,-44,950.00,-44,950.00
26-DEC-21,21,APPLE.COM/BILL 0008001009009 IE,6,0.00,299.00,299.00
08-JAN-22,22,UPI Payment Received,0,0.00,-299.00,-299.00
22-JAN-22,23,JAMSHEDPUR HARDWARE & JAMSHEDPUR IN,520,0.00,26,000.00,26,000.00
26-JAN-22,24,JAMSHEDPUR HARDWARE & JAMSHEDPUR IN,148,0.00,7,383.00,7,383.00
05-FEB-22,25,LKST675 JAMSHEDPUR IN,121,0.00,6,055.00,6,055.00
05-FEB-22,26,WWW.PG.IRCTC.CO.I(DCC) WWW.PG.IRCTC. IN,173,0.00,8,661.04,8,661.04
12-FEB-22,27,UPI Payment Received,0,0.00,-48,099.04,-48,099.04
20-MAR-22,28,BLR Domestic Lounge BENGALURU IN,0,0.00,2.00,2.00
21-MAR-22,29,WOW MOMO Kolkata KOL11711 KOLKATA IN,7,0.00,373.00,373.00
22-MAR-22,30,APPLE.COM/BILL 0008001009009 IE,6,0.00,299.00,299.00
4375XXXXXXXX4008
08-APR-21,1,IGST-CI@18%,0,0.00,90.00,90.00
08-APR-21,2,Annual Fee-3rd Year,0,0.00,500.00,500.00
11-APR-21,3,UPI Payment Received,0,0.00,-7,979.00,-7,979.00
12-APR-21,4,NEFT PAYMENT RECEIVED,0,0.00,-5.00,-5.00
15-JUL-21,5,MSW*RAMCHANDRA PRASAD Hazaribag IN,61,0.00,3,040.00,3,040.00
06-AUG-21,6,NEW GANGOUR SWEETS E SINGHBHUM IN,7,0.00,363.00,363.00
10-AUG-21,7,BERRY THAI SPA BANGALORE IN,60,0.00,3,000.00,3,000.00
21-AUG-21,8,UPI Payment Received,0,0.00,-3,398.00,-3,398.00
04-SEP-21,9,REL RETAIL LTD - DIGIT BANGALORE IN,40,0.00,1,998.30,1,998.30
05-SEP-21,10,TRAVEL FOOD SERVICE BANGALORE IN,0,0.00,2.00,2.00
07-SEP-21,11,AMAZON HTTP://WWW.AM IN,57,0.00,2,849.00,2,849.00
12-SEP-21,12,MSW*SHREE RADHA BALLABH Ranchi IN,0,0.00,2,020.00,2,020.00
16-SEP-21,13,UPI Payment Received,0,0.00,-7,849.30,-7,849.30
04-OCT-21,14,MAKEMYTRIP INDIA PVT L NEW DELHI IN,121,0.00,6,035.00,6,035.00
14-OCT-21,15,UPI Payment Received,0,0.00,-8,055.00,-8,055.00
19-OCT-21,16,KESHAVJI CHHAGANLAL JEWEL JAMSHEDPUR IN,900,0.00,45,000.00,45,000.00
03-NOV-21,17,RAZ*CRED Bengaluru IN,0,0.00,2.00,2.00
03-NOV-21,18,UPI Payment Received,0,0.00,-2.00,-2.00
04-NOV-21,19,UPI Payment Received,0,0.00,-50.00,-50.00
12-NOV-21,20,UPI Payment Received,0,0.00,-44,950.00,-44,950.00
26-DEC-21,21,APPLE.COM/BILL 0008001009009 IE,6,0.00,299.00,299.00
08-JAN-22,22,UPI Payment Received,0,0.00,-299.00,-299.00
22-JAN-22,23,JAMSHEDPUR HARDWARE & JAMSHEDPUR IN,520,0.00,26,000.00,26,000.00
26-JAN-22,24,JAMSHEDPUR HARDWARE & JAMSHEDPUR IN,148,0.00,7,383.00,7,383.00
05-FEB-22,25,LKST675 JAMSHEDPUR IN,121,0.00,6,055.00,6,055.00
05-FEB-22,26,WWW.PG.IRCTC.CO.I(DCC) WWW.PG.IRCTC. IN,173,0.00,8,661.04,8,661.04
12-FEB-22,27,UPI Payment Received,0,0.00,-48,099.04,-48,099.04
20-MAR-22,28,BLR Domestic Lounge BENGALURU IN,0,0.00,2.00,2.00
21-MAR-22,29,WOW MOMO Kolkata KOL11711 KOLKATA IN,7,0.00,373.00,373.00
22-MAR-22,30,APPLE.COM/BILL 0008001009009 IE,6,0.00,299.00,299.00
4375XXXXXXXX4008
08-APR-21,1,IGST-CI@18%,0,0.00,90.00,90.00
08-APR-21,2,Annual Fee-3rd Year,0,0.00,500.00,500.00
11-APR-21,3,UPI Payment Received,0,0.00,-7,979.00,-7,979.00
12-APR-21,4,NEFT PAYMENT RECEIVED,0,0.00,-5.00,-5.00
15-JUL-21,5,MSW*RAMCHANDRA PRASAD Hazaribag IN,61,0.00,3,040.00,3,040.00
06-AUG-21,6,NEW GANGOUR SWEETS E SINGHBHUM IN,7,0.00,363.00,363.00
10-AUG-21,7,BERRY THAI SPA BANGALORE IN,60,0.00,3,000.00,3,000.00
21-AUG-21,8,UPI Payment Received,0,0.00,-3,398.00,-3,398.00
04-SEP-21,9,REL RETAIL LTD - DIGIT BANGALORE IN,40,0.00,1,998.30,1,998.30
05-SEP-21,10,TRAVEL FOOD SERVICE BANGALORE IN,0,0.00,2.00,2.00
07-SEP-21,11,AMAZON HTTP://WWW.AM IN,57,0.00,2,849.00,2,849.00
12-SEP-21,12,MSW*SHREE RADHA BALLABH Ranchi IN,0,0.00,2,020.00,2,020.00
16-SEP-21,13,UPI Payment Received,0,0.00,-7,849.30,-7,849.30
04-OCT-21,14,MAKEMYTRIP INDIA PVT L NEW DELHI IN,121,0.00,6,035.00,6,035.00
14-OCT-21,15,UPI Payment Received,0,0.00,-8,055.00,-8,055.00
19-OCT-21,16,KESHAVJI CHHAGANLAL JEWEL JAMSHEDPUR IN,900,0.00,45,000.00,45,000.00
03-NOV-21,17,RAZ*CRED Bengaluru IN,0,0.00,2.00,2.00
03-NOV-21,18,UPI Payment Received,0,0.00,-2.00,-2.00
04-NOV-21,19,UPI Payment Received,0,0.00,-50.00,-50.00
12-NOV-21,20,UPI Payment Received,0,0.00,-44,950.00,-44,950.00
26-DEC-21,21,APPLE.COM/BILL 0008001009009 IE,6,0.00,299.00,299.00
08-JAN-22,22,UPI Payment Received,0,0.00,-299.00,-299.00
22-JAN-22,23,JAMSHEDPUR HARDWARE & JAMSHEDPUR IN,520,0.00,26,000.00,26,000.00
26-JAN-22,24,JAMSHEDPUR HARDWARE & JAMSHEDPUR IN,148,0.00,7,383.00,7,383.00
05-FEB-22,25,LKST675 JAMSHEDPUR IN,121,0.00,6,055.00,6,055.00
05-FEB-22,26,WWW.PG.IRCTC.CO.I(DCC) WWW.PG.IRCTC. IN,173,0.00,8,661.04,8,661.04
12-FEB-22,27,UPI Payment Received,0,0.00,-48,099.04,-48,099.04
20-MAR-22,28,BLR Domestic Lounge BENGALURU IN,0,0.00,2.00,2.00
21-MAR-22,29,WOW MOMO Kolkata KOL11711 KOLKATA IN,7,0.00,373.00,373.00
22-MAR-22,30,APPLE.COM/BILL 0008001009009 IE,6,0.00,299.00,299.00
4375XXXXXXXX4008
08-APR-21,1,IGST-CI@18%,0,0.00,90.00,90.00
08-APR-21,2,Annual Fee-3rd Year,0,0.00,500.00,500.00
11-APR-21,3,UPI Payment Received,0,0.00,-7,979.00,-7,979.00
12-APR-21,4,NEFT PAYMENT RECEIVED,0,0.00,-5.00,-5.00
15-JUL-21,5,MSW*RAMCHANDRA PRASAD Hazaribag IN,61,0.00,3,040.00,3,040.00
06-AUG-21,6,NEW GANGOUR SWEETS E SINGHBHUM IN,7,0.00,363.00,363.00
10-AUG-21,7,BERRY THAI SPA BANGALORE IN,60,0.00,3,000.00,3,000.00
21-AUG-21,8,UPI Payment Received,0,0.00,-3,398.00,-3,398.00
04-SEP-21,9,REL RETAIL LTD - DIGIT BANGALORE IN,40,0.00,1,998.30,1,998.30
05-SEP-21,10,TRAVEL FOOD SERVICE BANGALORE IN,0,0.00,2.00,2.00
07-SEP-21,11,AMAZON HTTP://WWW.AM IN,57,0.00,2,849.00,2,849.00
12-SEP-21,12,MSW*SHREE RADHA BALLABH Ranchi IN,0,0.00,2,020.00,2,020.00
16-SEP-21,13,UPI Payment Received,0,0.00,-7,849.30,-7,849.30
04-OCT-21,14,MAKEMYTRIP INDIA PVT L NEW DELHI IN,121,0.00,6,035.00,6,035.00
14-OCT-21,15,UPI Payment Received,0,0.00,-8,055.00,-8,055.00
19-OCT-21,16,KESHAVJI CHHAGANLAL JEWEL JAMSHEDPUR IN,900,0.00,45,000.00,45,000.00
03-NOV-21,17,RAZ*CRED Bengaluru IN,0,0.00,2.00,2.00
03-NOV-21,18,UPI Payment Received,0,0.00,-2.00,-2.00
04-NOV-21,19,UPI Payment Received,0,0.00,-50.00,-50.00
12-NOV-21,20,UPI Payment Received,0,0.00,-44,950.00,-44,950.00
26-DEC-21,21,APPLE.COM/BILL 0008001009009 IE,6,0.00,299.00,299.00
08-JAN-22,22,UPI Payment Received,0,0.00,-299.00,-299.00
22-JAN-22,23,JAMSHEDPUR HARDWARE & JAMSHEDPUR IN,520,0.00,26,000.00,26,000.00
26-JAN-22,24,JAMSHEDPUR HARDWARE & JAMSHEDPUR IN,148,0.00,7,383.00,7,383.00
05-FEB-22,25,LKST675 JAMSHEDPUR IN,121,0.00,6,055.00,6,055.00
05-FEB-22,26,WWW.PG.IRCTC.CO.I(DCC) WWW.PG.IRCTC. IN,173,0.00,8,661.04,8,661.04
12-FEB-22,27,UPI Payment Received,0,0.00,-48,099.04,-48,099.04
20-MAR-22,28,BLR Domestic Lounge BENGALURU IN,0,0.00,2.00,2.00
21-MAR-22,29,WOW MOMO Kolkata KOL11711 KOLKATA IN,7,0.00,373.00,373.00
22-MAR-22,30,APPLE.COM/BILL 0008001009009 IE,6,0.00,299.00,299.00
4375XXXXXXXX4008
08-APR-21,1,IGST-CI@18%,0,0.00,90.00,90.00
08-APR-21,2,Annual Fee-3rd Year,0,0.00,500.00,500.00
11-APR-21,3,UPI Payment Received,0,0.00,-7,979.00,-7,979.00
12-APR-21,4,NEFT PAYMENT RECEIVED,0,0.00,-5.00,-5.00
15-JUL-21,5,MSW*RAMCHANDRA PRASAD Hazaribag IN,61,0.00,3,040.00,3,040.00
06-AUG-21,6,NEW GANGOUR SWEETS E SINGHBHUM IN,7,0.00,363.00,363.00
10-AUG-21,7,BERRY THAI SPA BANGALORE IN,60,0.00,3,000.00,3,000.00
21-AUG-21,8,UPI Payment Received,0,0.00,-3,398.00,-3,398.00
04-SEP-21,9,REL RETAIL LTD - DIGIT BANGALORE IN,40,0.00,1,998.30,1,998.30
05-SEP-21,10,TRAVEL FOOD SERVICE BANGALORE IN,0,0.00,2.00,2.00
07-SEP-21,11,AMAZON HTTP://WWW.AM IN,57,0.00,2,849.00,2,849.00
12-SEP-21,12,MSW*SHREE RADHA BALLABH Ranchi IN,0,0.00,2,020.00,2,020.00
16-SEP-21,13,UPI Payment Received,0,0.00,-7,849.30,-7,849.30
04-OCT-21,14,MAKEMYTRIP INDIA PVT L NEW DELHI IN,121,0.00,6,035.00,6,035.00
14-OCT-21,15,UPI Payment Received,0,0.00,-8,055.00,-8,055.00
19-OCT-21,16,KESHAVJI CHHAGANLAL JEWEL JAMSHEDPUR IN,900,0.00,45,000.00,45,000.00
03-NOV-21,17,RAZ*CRED Bengaluru IN,0,0.00,2.00,2.00
03-NOV-21,18,UPI Payment Received,0,0.00,-2.00,-2.00
04-NOV-21,19,UPI Payment Received,0,0.00,-50.00,-50.00
12-NOV-21,20,UPI Payment Received,0,0.00,-44,950.00,-44,950.00
26-DEC-21,21,APPLE.COM/BILL 0008001009009 IE,6,0.00,299.00,299.00
08-JAN-22,22,UPI Payment Received,0,0.00,-299.00,-299.00
22-JAN-22,23,JAMSHEDPUR HARDWARE & JAMSHEDPUR IN,520,0.00,26,000.00,26,000.00
26-JAN-22,24,JAMSHEDPUR HARDWARE & JAMSHEDPUR IN,148,0.00,7,383.00,7,383.00
05-FEB-22,25,LKST675 JAMSHEDPUR IN,121,0.00,6,055.00,6,055.00
05-FEB-22,26,WWW.PG.IRCTC.CO.I(DCC) WWW.PG.IRCTC. IN,173,0.00,8,661.04,8,661.04
12-FEB-22,27,UPI Payment Received,0,0.00,-48,099.04,-48,099.04
20-MAR-22,28,BLR Domestic Lounge BENGALURU IN,0,0.00,2.00,2.00
21-MAR-22,29,WOW MOMO Kolkata KOL11711 KOLKATA IN,7,0.00,373.00,373.00
22-MAR-22,30,APPLE.COM/BILL 0008001009009 IE,6,0.00,299.00,299.00
4375XXXXXXXX4008
08-APR-21,1,IGST-CI@18%,0,0.00,90.00,90.00
08-APR-21,2,Annual Fee-3rd Year,0,0.00,500.00,500.00
11-APR-21,3,UPI Payment Received,0,0.00,-7,979.00,-7,979.00
12-APR-21,4,NEFT PAYMENT RECEIVED,0,0.00,-5.00,-5.00
15-JUL-21,5,MSW*RAMCHANDRA PRASAD Hazaribag IN,61,0.00,3,040.00,3,040.00
06-AUG-21,6,NEW GANGOUR SWEETS E SINGHBHUM IN,7,0.00,363.00,363.00
10-AUG-21,7,BERRY THAI SPA BANGALORE IN,60,0.00,3,000.00,3,000.00
21-AUG-21,8,UPI Payment Received,0,0.00,-3,398.00,-3,398.00
04-SEP-21,9,REL RETAIL LTD - DIGIT BANGALORE IN,40,0.00,1,998.30,1,998.30
05-SEP-21,10,TRAVEL FOOD SERVICE BANGALORE IN,0,0.00,2.00,2.00
07-SEP-21,11,AMAZON HTTP://WWW.AM IN,57,0.00,2,849.00,2,849.00
12-SEP-21,12,MSW*SHREE RADHA BALLABH Ranchi IN,0,0.00,2,020.00,2,020.00
16-SEP-21,13,UPI Payment Received,0,0.00,-7,849.30,-7,849.30
04-OCT-21,14,MAKEMYTRIP INDIA PVT L NEW DELHI IN,121,0.00,6,035.00,6,035.00
14-OCT-21,15,UPI Payment Received,0,0.00,-8,055.00,-8,055.00
19-OCT-21,16,KESHAVJI CHHAGANLAL JEWEL JAMSHEDPUR IN,900,0.00,45,000.00,45,000.00
03-NOV-21,17,RAZ*CRED Bengaluru IN,0,0.00,2.00,2.00
03-NOV-21,18,UPI Payment Received,0,0.00,-2.00,-2.00
04-NOV-21,19,UPI Payment Received,0,0.00,-50.00,-50.00
12-NOV-21,20,UPI Payment Received,0,0.00,-44,950.00,-44,950.00
26-DEC-21,21,APPLE.COM/BILL 0008001009009 IE,6,0.00,299.00,299.00
08-JAN-22,22,UPI Payment Received,0,0.00,-299.00,-299.00
22-JAN-22,23,JAMSHEDPUR HARDWARE & JAMSHEDPUR IN,520,0.00,26,000.00,26,000.00
26-JAN-22,24,JAMSHEDPUR HARDWARE & JAMSHEDPUR IN,148,0.00,7,383.00,7,383.00
05-FEB-22,25,LKST675 JAMSHEDPUR IN,121,0.00,6,055.00,6,055.00
05-FEB-22,26,WWW.PG.IRCTC.CO.I(DCC) WWW.PG.IRCTC. IN,173,0.00,8,661.04,8,661.04
12-FEB-22,27,UPI Payment Received,0,0.00,-48,099.04,-48,099.04
20-MAR-22,28,BLR Domestic Lounge BENGALURU IN,0,0.00,2.00,2.00
21-MAR-22,29,WOW MOMO Kolkata KOL11711 KOLKATA IN,7,0.00,373.00,373.00
22-MAR-22,30,APPLE.COM/BILL 0008001009009 IE,6,0.00,299.00,299.00
4375XXXXXXXX4008
08-APR-21,1,IGST-CI@18%,0,0.00,90.00,90.00
08-APR-21,2,Annual Fee-3rd Year,0,0.00,500.00,500.00
11-APR-21,3,UPI Payment Received,0,0.00,-7,979.00,-7,979.00
12-APR-21,4,NEFT PAYMENT RECEIVED,0,0.00,-5.00,-5.00
15-JUL-21,5,MSW*RAMCHANDRA PRASAD Hazaribag IN,61,0.00,3,040.00,3,040.00
06-AUG-21,6,NEW GANGOUR SWEETS E SINGHBHUM IN,7,0.00,363.00,363.00
10-AUG-21,7,BERRY THAI SPA BANGALORE IN,60,0.00,3,000.00,3,000.00
21-AUG-21,8,UPI Payment Received,0,0.00,-3,398.00,-3,398.00
04-SEP-21,9,REL RETAIL LTD - DIGIT BANGALORE IN,40,0.00,1,998.30,1,998.30
05-SEP-21,10,TRAVEL FOOD SERVICE BANGALORE IN,0,0.00,2.00,2.00
07-SEP-21,11,AMAZON HTTP://WWW.AM IN,57,0.00,2,849.00,2,849.00
12-SEP-21,12,MSW*SHREE RADHA BALLABH Ranchi IN,0,0.00,2,020.00,2,020.00
16-SEP-21,13,UPI Payment Received,0,0.00,-7,849.30,-7,849.30
04-OCT-21,14,MAKEMYTRIP INDIA PVT L NEW DELHI IN,121,0.00,6,035.00,6,035.00
14-OCT-21,15,UPI Payment Received,0,0.00,-8,055.00,-8,055.00
19-OCT-21,16,KESHAVJI CHHAGANLAL JEWEL JAMSHEDPUR IN,900,0.00,45,000.00,45,000.00
03-NOV-21,17,RAZ*CRED Bengaluru IN,0,0.00,2.00,2.00
03-NOV-21,18,UPI Payment Received,0,0.00,-2.00,-2.00
04-NOV-21,19,UPI Payment Received,0,0.00,-50.00,-50.00
12-NOV-21,20,UPI Payment Received,0,0.00,-44,950.00,-44,950.00
26-DEC-21,21,APPLE.COM/BILL 0008001009009 IE,6,0.00,299.00,299.00
08-JAN-22,22,UPI Payment Received,0,0.00,-299.00,-299.00
22-JAN-22,23,JAMSHEDPUR HARDWARE & JAMSHEDPUR IN,520,0.00,26,000.00,26,000.00
26-JAN-22,24,JAMSHEDPUR HARDWARE & JAMSHEDPUR IN,148,0.00,7,383.00,7,383.00
05-FEB-22,25,LKST675 JAMSHEDPUR IN,121,0.00,6,055.00,6,055.00
05-FEB-22,26,WWW.PG.IRCTC.CO.I(DCC) WWW.PG.IRCTC. IN,173,0.00,8,661.04,8,661.04
12-FEB-22,27,UPI Payment Received,0,0.00,-48,099.04,-48,099.04
20-MAR-22,28,BLR Domestic Lounge BENGALURU IN,0,0.00,2.00,2.00
21-MAR-22,29,WOW MOMO Kolkata KOL11711 KOLKATA IN,7,0.00,373.00,373.00
22-MAR-22,30,APPLE.COM/BILL 0008001009009 IE,6,0.00,299.00,299.00
4375XXXXXXXX4008
08-APR-21,1,IGST-CI@18%,0,0.00,90.00,90.00
08-APR-21,2,Annual Fee-3rd Year,0,0.00,500.00,500.00
11-APR-21,3,UPI Payment Received,0,0.00,-7,979.00,-7,979.00
12-APR-21,4,NEFT PAYMENT RECEIVED,0,0.00,-5.00,-5.00
15-JUL-21,5,MSW*RAMCHANDRA PRASAD Hazaribag IN,61,0.00,3,040.00,3,040.00
06-AUG-21,6,NEW GANGOUR SWEETS E SINGHBHUM IN,7,0.00,363.00,363.00
10-AUG-21,7,BERRY THAI SPA BANGALORE IN,60,0.00,3,000.00,3,000.00
21-AUG-21,8,UPI Payment Received,0,0.00,-3,398.00,-3,398.00
04-SEP-21,9,REL RETAIL LTD - DIGIT BANGALORE IN,40,0.00,1,998.30,1,998.30
05-SEP-21,10,TRAVEL FOOD SERVICE BANGALORE IN,0,0.00,2.00,2.00
07-SEP-21,11,AMAZON HTTP://WWW.AM IN,57,0.00,2,849.00,2,849.00
12-SEP-21,12,MSW*SHREE RADHA BALLABH Ranchi IN,0,0.00,2,020.00,2,020.00
16-SEP-21,13,UPI Payment Received,0,0.00,-7,849.30,-7,849.30
04-OCT-21,14,MAKEMYTRIP INDIA PVT L NEW DELHI IN,121,0.00,6,035.00,6,035.00
14-OCT-21,15,UPI Payment Received,0,0.00,-8,055.00,-8,055.00
19-OCT-21,16,KESHAVJI CHHAGANLAL JEWEL JAMSHEDPUR IN,900,0.00,45,000.00,45,000.00
03-NOV-21,17,RAZ*CRED Bengaluru IN,0,0.00,2.00,2.00
03-NOV-21,18,UPI Payment Received,0,0.00,-2.00,-2.00
04-NOV-21,19,UPI Payment Received,0,0.00,-50.00,-50.00
12-NOV-21,20,UPI Payment Received,0,0.00,-44,950.00,-44,950.00
26-DEC-21,21,APPLE.COM/BILL 0008001009009 IE,6,0.00,299.00,299.00
08-JAN-22,22,UPI Payment Received,0,0.00,-299.00,-299.00
22-JAN-22,23,JAMSHEDPUR HARDWARE & JAMSHEDPUR IN,520,0.00,26,000.00,26,000.00
26-JAN-22,24,JAMSHEDPUR HARDWARE & JAMSHEDPUR IN,148,0.00,7,383.00,7,383.00
05-FEB-22,25,LKST675 JAMSHEDPUR IN,121,0.00,6,055.00,6,055.00
05-FEB-22,26,WWW.PG.IRCTC.CO.I(DCC) WWW.PG.IRCTC. IN,173,0.00,8,661.04,8,661.04
12-FEB-22,27,UPI Payment Received,0,0.00,-48,099.04,-48,099.04
20-MAR-22,28,BLR Domestic Lounge BENGALURU IN,0,0.00,2.00,2.00
21-MAR-22,29,WOW MOMO Kolkata KOL11711 KOLKATA IN,7,0.00,373.00,373.00
22-MAR-22,30,APPLE.COM/BILL 0008001009009 IE,6,0.00,299.00,299.00
4375XXXXXXXX4008
08-APR-21,1,IGST-CI@18%,0,0.00,90.00,90.00
08-APR-21,2,Annual Fee-3rd Year,0,0.00,500.00,500.00
11-APR-21,3,UPI Payment Received,0,0.00,-7,979.00,-7,979.00
12-APR-21,4,NEFT PAYMENT RECEIVED,0,0.00,-5.00,-5.00
15-JUL-21,5,MSW*RAMCHANDRA PRASAD Hazaribag IN,61,0.00,3,040.00,3,040.00
06-AUG-21,6,NEW GANGOUR SWEETS E SINGHBHUM IN,7,0.00,363.00,363.00
10-AUG-21,7,BERRY THAI SPA BANGALORE IN,60,0.00,3,000.00,3,000.00
21-AUG-21,8,UPI Payment Received,0,0.00,-3,398.00,-3,398.00
04-SEP-21,9,REL RETAIL LTD - DIGIT BANGALORE IN,40,0.00,1,998.30,1,998.30
05-SEP-21,10,TRAVEL FOOD SERVICE BANGALORE IN,0,0.00,2.00,2.00
07-SEP-21,11,AMAZON HTTP://WWW.AM IN,57,0.00,2,849.00,2,849.00
12-SEP-21,12,MSW*SHREE RADHA BALLABH Ranchi IN,0,0.00,2,020.00,2,020.00
16-SEP-21,13,UPI Payment Received,0,0.00,-7,849.30,-7,849.30
04-OCT-21,14,MAKEMYTRIP INDIA PVT L NEW DELHI IN,121,0.00,6,035.00,6,035.00
14-OCT-21,15,UPI Payment Received,0,0.00,-8,055.00,-8,055.00
19-OCT-21,16,KESHAVJI CHHAGANLAL JEWEL JAMSHEDPUR IN,900,0.00,45,000.00,45,000.00
03-NOV-21,17,RAZ*CRED Bengaluru IN,0,0.00,2.00,2.00
03-NOV-21,18,UPI Payment Received,0,0.00,-2.00,-2.00
04-NOV-21,19,UPI Payment Received,0,0.00,-50.00,-50.00
12-NOV-21,20,UPI Payment Received,0,0.00,-44,950.00,-44,950.00
26-DEC-21,21,APPLE.COM/BILL 0008001009009 IE,6,0.00,299.00,299.00
08-JAN-22,22,UPI Payment Received,0,0.00,-299.00,-299.00
22-JAN-22,23,JAMSHEDPUR HARDWARE & JAMSHEDPUR IN,520,0.00,26,000.00,26,000.00
26-JAN-22,24,JAMSHEDPUR HARDWARE & JAMSHEDPUR IN,148,0.00,7,383.00,7,383.00
05-FEB-22,25,LKST675 JAMSHEDPUR IN,121,0.00,6,055.00,6,055.00
05-FEB-22,26,WWW.PG.IRCTC.CO.I(DCC) WWW.PG.IRCTC. IN,173,0.00,8,661.04,8,661.04
12-FEB-22,27,UPI Payment Received,0,0.00,-48,099.04,-48,099.04
20-MAR-22,28,BLR Domestic Lounge BENGALURU IN,0,0.00,2.00,2.00
21-MAR-22,29,WOW MOMO Kolkata KOL11711 KOLKATA IN,7,0.00,373.00,373.00
22-MAR-22,30,APPLE.COM/BILL 0008001009009 IE,6,0.00,299.00,299.00
4375XXXXXXXX4008
08-APR-21,1,IGST-CI@18%,0,0.00,90.00,90.00
08-APR-21,2,Annual Fee-3rd Year,0,0.00,500.00,500.00
11-APR-21,3,UPI Payment Received,0,0.00,-7,979.00,-7,979.00
12-APR-21,4,NEFT PAYMENT RECEIVED,0,0.00,-5.00,-5.00
15-JUL-21,5,MSW*RAMCHANDRA PRASAD Hazaribag IN,61,0.00,3,040.00,3,040.00
06-AUG-21,6,NEW GANGOUR SWEETS E SINGHBHUM IN,7,0.00,363.00,363.00
10-AUG-21,7,BERRY THAI SPA BANGALORE IN,60,0.00,3,000.00,3,000.00
21-AUG-21,8,UPI Payment Received,0,0.00,-3,398.00,-3,398.00
04-SEP-21,9,REL RETAIL LTD - DIGIT BANGALORE IN,40,0.00,1,998.30,1,998.30
05-SEP-21,10,TRAVEL FOOD SERVICE BANGALORE IN,0,0.00,2.00,2.00
07-SEP-21,11,AMAZON HTTP://WWW.AM IN,57,0.00,2,849.00,2,849.00
12-SEP-21,12,MSW*SHREE RADHA BALLABH Ranchi IN,0,0.00,2,020.00,2,020.00
16-SEP-21,13,UPI Payment Received,0,0.00,-7,849.30,-7,849.30
04-OCT-21,14,MAKEMYTRIP INDIA PVT L NEW DELHI IN,121,0.00,6,035.00,6,035.00
14-OCT-21,15,UPI Payment Received,0,0.00,-8,055.00,-8,055.00
19-OCT-21,16,KESHAVJI CHHAGANLAL JEWEL JAMSHEDPUR IN,900,0.00,45,000.00,45,000.00
03-NOV-21,17,RAZ*CRED Bengaluru IN,0,0.00,2.00,2.00
03-NOV-21,18,UPI Payment Received,0,0.00,-2.00,-2.00
04-NOV-21,19,UPI Payment Received,0,0.00,-50.00,-50.00
12-NOV-21,20,UPI Payment Received,0,0.00,-44,950.00,-44,950.00
26-DEC-21,21,APPLE.COM/BILL 0008001009009 IE,6,0.00,299.00,299.00
08-JAN-22,22,UPI Payment Received,0,0.00,-299.00,-299.00
22-JAN-22,23,JAMSHEDPUR HARDWARE & JAMSHEDPUR IN,520,0.00,26,000.00,26,000.00
26-JAN-22,24,JAMSHEDPUR HARDWARE & JAMSHEDPUR IN,148,0.00,7,383.00,7,383.00
05-FEB-22,25,LKST675 JAMSHEDPUR IN,121,0.00,6,055.00,6,055.00
05-FEB-22,26,WWW.PG.IRCTC.CO.I(DCC) WWW.PG.IRCTC. IN,173,0.00,8,661.04,8,661.04
12-FEB-22,27,UPI Payment Received,0,0.00,-48,099.04,-48,099.04
20-MAR-22,28,BLR Domestic Lounge BENGALURU IN,0,0.00,2.00,2.00
21-MAR-22,29,WOW MOMO Kolkata KOL11711 KOLKATA IN,7,0.00,373.00,373.00
22-MAR-22,30,APPLE.COM/BILL 0008001009009 IE,6,0.00,299.00,299.00
4375XXXXXXXX4008
08-APR-21,1,IGST-CI@18%,0,0.00,90.00,90.00
08-APR-21,2,Annual Fee-3rd Year,0,0.00,500.00,500.00
11-APR-21,3,UPI Payment Received,0,0.00,-7,979.00,-7,979.00
12-APR-21,4,NEFT PAYMENT RECEIVED,0,0.00,-5.00,-5.00
15-JUL-21,5,MSW*RAMCHANDRA PRASAD Hazaribag IN,61,0.00,3,040.00,3,040.00
06-AUG-21,6,NEW GANGOUR SWEETS E SINGHBHUM IN,7,0.00,363.00,363.00
10-AUG-21,7,BERRY THAI SPA BANGALORE IN,60,0.00,3,000.00,3,000.00
21-AUG-21,8,UPI Payment Received,0,0.00,-3,398.00,-3,398.00
04-SEP-21,9,REL RETAIL LTD - DIGIT BANGALORE IN,40,0.00,1,998.30,1,998.30
05-SEP-21,10,TRAVEL FOOD SERVICE BANGALORE IN,0,0.00,2.00,2.00
07-SEP-21,11,AMAZON HTTP://WWW.AM IN,57,0.00,2,849.00,2,849.00
12-SEP-21,12,MSW*SHREE RADHA BALLABH Ranchi IN,0,0.00,2,020.00,2,020.00
16-SEP-21,13,UPI Payment Received,0,0.00,-7,849.30,-7,849.30
04-OCT-21,14,MAKEMYTRIP INDIA PVT L NEW DELHI IN,121,0.00,6,035.00,6,035.00
14-OCT-21,15,UPI Payment Received,0,0.00,-8,055.00,-8,055.00
19-OCT-21,16,KESHAVJI CHHAGANLAL JEWEL JAMSHEDPUR IN,900,0.00,45,000.00,45,000.00
03-NOV-21,17,RAZ*CRED Bengaluru IN,0,0.00,2.00,2.00
03-NOV-21,18,UPI Payment Received,0,0.00,-2.00,-2.00
04-NOV-21,19,UPI Payment Received,0,0.00,-50.00,-50.00
12-NOV-21,20,UPI Payment Received,0,0.00,-44,950.00,-44,950.00
26-DEC-21,21,APPLE.COM/BILL 0008001009009 IE,6,0.00,299.00,299.00
08-JAN-22,22,UPI Payment Received,0,0.00,-299.00,-299.00
22-JAN-22,23,JAMSHEDPUR HARDWARE & JAMSHEDPUR IN,520,0.00,26,000.00,26,000.00
26-JAN-22,24,JAMSHEDPUR HARDWARE & JAMSHEDPUR IN,148,0.00,7,383.00,7,383.00
05-FEB-22,25,LKST675 JAMSHEDPUR IN,121,0.00,6,055.00,6,055.00
05-FEB-22,26,WWW.PG.IRCTC.CO.I(DCC) WWW.PG.IRCTC. IN,173,0.00,8,661.04,8,661.04
12-FEB-22,27,UPI Payment Received,0,0.00,-48,099.04,-48,099.04
20-MAR-22,28,BLR Domestic Lounge BENGALURU IN,0,0.00,2.00,2.00
21-MAR-22,29,WOW MOMO Kolkata KOL11711 KOLKATA IN,7,0.00,373.00,373.00
22-MAR-22,30,APPLE.COM/BILL 0008001009009 IE,6,0.00,299.00,299.00
4375XXXXXXXX4008
08-APR-21,1,IGST-CI@18%,0,0.00,90.00,90.00
08-APR-21,2,Annual Fee-3rd Year,0,0.00,500.00,500.00
11-APR-21,3,UPI Payment Received,0,0.00,-7,979.00,-7,979.00
12-APR-21,4,NEFT PAYMENT RECEIVED,0,0.00,-5.00,-5.00
15-JUL-21,5,MSW*RAMCHANDRA PRASAD Hazaribag IN,61,0.00,3,040.00,3,040.00
06-AUG-21,6,NEW GANGOUR SWEETS E SINGHBHUM IN,7,0.00,363.00,363.00
10-AUG-21,7,BERRY THAI SPA BANGALORE IN,60,0.00,3,000.00,3,000.00
21-AUG-21,8,UPI Payment Received,0,0.00,-3,398.00,-3,398.00
04-SEP-21,9,REL RETAIL LTD - DIGIT BANGALORE IN,40,0.00,1,998.30,1,998.30
05-SEP-21,10,TRAVEL FOOD SERVICE BANGALORE IN,0,0.00,2.00,2.00
07-SEP-21,11,AMAZON HTTP://WWW.AM IN,57,0.00,2,849.00,2,849.00
12-SEP-21,12,MSW*SHREE RADHA BALLABH Ranchi IN,0,0.00,2,020.00,2,020.00
16-SEP-21,13,UPI Payment Received,0,0.00,-7,849.30,-7,849.30
04-OCT-21,14,MAKEMYTRIP INDIA PVT L NEW DELHI IN,121,0.00,6,035.00,6,035.00
14-OCT-21,15,UPI Payment Received,0,0.00,-8,055.00,-8,055.00
19-OCT-21,16,KESHAVJI CHHAGANLAL JEWEL JAMSHEDPUR IN,900,0.00,45,000.00,45,000.00
03-NOV-21,17,RAZ*CRED Bengaluru IN,0,0.00,2.00,2.00
03-NOV-21,18,UPI Payment Received,0,0.00,-2.00,-2.00
04-NOV-21,19,UPI Payment Received,0,0.00,-50.00,-50.00
12-NOV-21,20,UPI Payment Received,0,0.00,-44,950.00,-44,950.00
26-DEC-21,21,APPLE.COM/BILL 0008001009009 IE,6,0.00,299.00,299.00
08-JAN-22,22,UPI Payment Received,0,0.00,-299.00,-299.00
22-JAN-22,23,JAMSHEDPUR HARDWARE & JAMSHEDPUR IN,520,0.00,26,000.00,26,000.00
26-JAN-22,24,JAMSHEDPUR HARDWARE & JAMSHEDPUR IN,148,0.00,7,383.00,7,383.00
05-FEB-22,25,LKST675 JAMSHEDPUR IN,121,0.00,6,055.00,6,055.00
05-FEB-22,26,WWW.PG.IRCTC.CO.I(DCC) WWW.PG.IRCTC. IN,173,0.00,8,661.04,8,661.04
12-FEB-22,27,UPI Payment Received,0,0.00,-48,099.04,-48,099.04
20-MAR-22,28,BLR Domestic Lounge BENGALURU IN,0,0.00,2.00,2.00
21-MAR-22,29,WOW MOMO Kolkata KOL11711 KOLKATA IN,7,0.00,373.00,373.00
22-MAR-22,30,APPLE.COM/BILL 0008001009009 IE,6,0.00,299.00,299.00


MESSAGE Details:
SRNO,LAST_UPD_DT,MESSAGE
1,2018-07-05 00:00:00.0,Safe Banking Tips - Do not transact if you find any suspicious device attached to the ATM. Do not take help from strangers at an ATM.
2,2018-07-05 00:00:00.0,ICICI Bank Credit Cards Goods and Services Tax Identification Number (GSTIN) is 27AAACI1195H3ZK
3,2018-07-05 00:00:00.0,HSN Code for service: 9971 - Financial and related services
4,2018-07-05 00:00:00.0,Our registered office address : ICICI Bank Tower
5,2018-07-05 00:00:00.0,Making only minimum payment every month can lead to repayment stretching over years with consequent interest payment on outstanding balance
6,2018-07-05 00:00:00.0,Please pay your credit card outstanding before the payment due date to avoid penal fees and interest charges.
7,2018-07-05 00:00:00.0,For payments made through cheque
8,2018-07-05 00:00:00.0,For any clarification or more information
9,2018-07-05 00:00:00.0,* Mark-up fee and corresponding GST levied is included in the transaction amount displayed
